key,region,cat1,cat2,amount,time
1,강원도,010. 일반공공행정,011. 입법 및 선거관리,18200,2012
2,강원도,010. 일반공공행정,013. 지방행정 및 재정지원,440400,2012
3,강원도,010. 일반공공행정,014. 재정 및 금융,33412,2012
4,강원도,010. 일반공공행정,016. 일반행정,303596,2012
5,강원도,020. 공공질서 및 안전,023. 경찰,0,2012
6,강원도,020. 공공질서 및 안전,025. 재난방재 및 민방위,250879,2012
7,강원도,050. 교육,051. 유아 및 초중등 교육,220735,2012
8,강원도,050. 교육,052. 고등교육,15987,2012
9,강원도,050. 교육,053. 평생 및 직업교육,26807,2012
10,강원도,060. 문화 및 관광,061. 문화예술,107807,2012
11,강원도,060. 문화 및 관광,062. 관광,186384,2012
12,강원도,060. 문화 및 관광,063. 체육,197859,2012
13,강원도,060. 문화 및 관광,064. 문화재,47840,2012
14,강원도,060. 문화 및 관광,065. 문화 및 관광 일반,9348,2012
15,강원도,070. 환경보호,071. 상하수도 및 수질,993112,2012
16,강원도,070. 환경보호,072. 폐기물,144924,2012
17,강원도,070. 환경보호,073. 대기,10009,2012
18,강원도,070. 환경보호,074. 자연,43022,2012
19,강원도,070. 환경보호,075. 해양,15572,2012
20,강원도,070. 환경보호,076. 환경보호일반,28570,2012
21,강원도,080. 사회복지,081. 기초생활보장,643587,2012
22,강원도,080. 사회복지,082. 취약계층지원,244381,2012
23,강원도,080. 사회복지,"084. 보육, 가족 및 여성",429618,2012
24,강원도,080. 사회복지,085. 노인 및 청소년,524649,2012
25,강원도,080. 사회복지,086. 노동,42283,2012
26,강원도,080. 사회복지,087. 보훈,7265,2012
27,강원도,080. 사회복지,088. 주택,18069,2012
28,강원도,080. 사회복지,089. 사회복지일반,31521,2012
29,강원도,090. 보건,091. 보건의료,112143,2012
30,강원도,090. 보건,093. 식품의약안전,2139,2012
31,강원도,100. 농림해양수산,101. 농업 및 농촌,674214,2012
32,강원도,100. 농림해양수산,102. 임업 및 산촌,350444,2012
33,강원도,100. 농림해양수산,103. 해양수산 및 어촌,138655,2012
34,강원도,110. 산업 및 중소기업,112. 산업기술지원,9704,2012
35,강원도,110. 산업 및 중소기업,113. 무역 및 투자유치,6380,2012
36,강원도,110. 산업 및 중소기업,114. 산업진흥 및 고도화,216923,2012
37,강원도,110. 산업 및 중소기업,115. 에너지 및 자원개발,32571,2012
38,강원도,110. 산업 및 중소기업,116. 산업 및 중소기업 일반,16421,2012
39,강원도,120. 수송 및 교통,121. 도로,404027,2012
40,강원도,120. 수송 및 교통,123. 도시철도,0,2012
41,강원도,120. 수송 및 교통,124. 해운 및 항만,1196,2012
42,강원도,120. 수송 및 교통,125. 항공 및 공항,86,2012
43,강원도,120. 수송 및 교통,"126. 대중교통, 물류 등 기타",157466,2012
44,강원도,140. 국토 및 지역개발,141. 수자원,266367,2012
45,강원도,140. 국토 및 지역개발,142. 지역 및 도시,716067,2012
46,강원도,140. 국토 및 지역개발,143. 산업단지,70333,2012
47,강원도,150. 과학기술,153. 과학기술일반,0,2012
48,강원도,160. 예비비,161. 예비비,127599,2012
49,강원도,900. 기타,901. 기타,1174397,2012
50,경기도,010. 일반공공행정,011. 입법 및 선거관리,53391,2012
51,경기도,010. 일반공공행정,013. 지방행정 및 재정지원,289261,2012
52,경기도,010. 일반공공행정,014. 재정 및 금융,266895,2012
53,경기도,010. 일반공공행정,016. 일반행정,5411661,2012
54,경기도,020. 공공질서 및 안전,023. 경찰,2519,2012
55,경기도,020. 공공질서 및 안전,025. 재난방재 및 민방위,409168,2012
56,경기도,050. 교육,051. 유아 및 초중등 교육,2757764,2012
57,경기도,050. 교육,052. 고등교육,2519,2012
58,경기도,050. 교육,053. 평생 및 직업교육,47572,2012
59,경기도,060. 문화 및 관광,061. 문화예술,489917,2012
60,경기도,060. 문화 및 관광,062. 관광,80956,2012
61,경기도,060. 문화 및 관광,063. 체육,467137,2012
62,경기도,060. 문화 및 관광,064. 문화재,93805,2012
63,경기도,060. 문화 및 관광,065. 문화 및 관광 일반,139662,2012
64,경기도,070. 환경보호,071. 상하수도 및 수질,3755111,2012
65,경기도,070. 환경보호,072. 폐기물,882878,2012
66,경기도,070. 환경보호,073. 대기,188404,2012
67,경기도,070. 환경보호,074. 자연,52576,2012
68,경기도,070. 환경보호,075. 해양,0,2012
69,경기도,070. 환경보호,076. 환경보호일반,83584,2012
70,경기도,080. 사회복지,081. 기초생활보장,1891969,2012
71,경기도,080. 사회복지,082. 취약계층지원,1110419,2012
72,경기도,080. 사회복지,"084. 보육, 가족 및 여성",2974643,2012
73,경기도,080. 사회복지,085. 노인 및 청소년,1839367,2012
74,경기도,080. 사회복지,086. 노동,96119,2012
75,경기도,080. 사회복지,087. 보훈,53727,2012
76,경기도,080. 사회복지,088. 주택,999,2012
77,경기도,080. 사회복지,089. 사회복지일반,170929,2012
78,경기도,090. 보건,091. 보건의료,497472,2012
79,경기도,090. 보건,093. 식품의약안전,6863,2012
80,경기도,100. 농림해양수산,101. 농업 및 농촌,956930,2012
81,경기도,100. 농림해양수산,102. 임업 및 산촌,222050,2012
82,경기도,100. 농림해양수산,103. 해양수산 및 어촌,70176,2012
83,경기도,110. 산업 및 중소기업,112. 산업기술지원,5281,2012
84,경기도,110. 산업 및 중소기업,113. 무역 및 투자유치,126075,2012
85,경기도,110. 산업 및 중소기업,114. 산업진흥 및 고도화,103976,2012
86,경기도,110. 산업 및 중소기업,115. 에너지 및 자원개발,58894,2012
87,경기도,110. 산업 및 중소기업,116. 산업 및 중소기업 일반,169272,2012
88,경기도,120. 수송 및 교통,121. 도로,1774588,2012
89,경기도,120. 수송 및 교통,123. 도시철도,577977,2012
90,경기도,120. 수송 및 교통,124. 해운 및 항만,6043,2012
91,경기도,120. 수송 및 교통,125. 항공 및 공항,0,2012
92,경기도,120. 수송 및 교통,"126. 대중교통, 물류 등 기타",1638520,2012
93,경기도,140. 국토 및 지역개발,141. 수자원,667626,2012
94,경기도,140. 국토 및 지역개발,142. 지역 및 도시,2044242,2012
95,경기도,140. 국토 및 지역개발,143. 산업단지,70904,2012
96,경기도,150. 과학기술,153. 과학기술일반,0,2012
97,경기도,160. 예비비,161. 예비비,1233362,2012
98,경기도,900. 기타,901. 기타,3359538,2012
99,경상남도,010. 일반공공행정,011. 입법 및 선거관리,28242,2012
100,경상남도,010. 일반공공행정,013. 지방행정 및 재정지원,659396,2012
101,경상남도,010. 일반공공행정,014. 재정 및 금융,502872,2012
102,경상남도,010. 일반공공행정,016. 일반행정,505472,2012
103,경상남도,020. 공공질서 및 안전,023. 경찰,0,2012
104,경상남도,020. 공공질서 및 안전,025. 재난방재 및 민방위,340290,2012
105,경상남도,050. 교육,051. 유아 및 초중등 교육,529430,2012
106,경상남도,050. 교육,052. 고등교육,183,2012
107,경상남도,050. 교육,053. 평생 및 직업교육,54565,2012
108,경상남도,060. 문화 및 관광,061. 문화예술,176868,2012
109,경상남도,060. 문화 및 관광,062. 관광,198951,2012
110,경상남도,060. 문화 및 관광,063. 체육,391959,2012
111,경상남도,060. 문화 및 관광,064. 문화재,128358,2012
112,경상남도,060. 문화 및 관광,065. 문화 및 관광 일반,28314,2012
113,경상남도,070. 환경보호,071. 상하수도 및 수질,1341887,2012
114,경상남도,070. 환경보호,072. 폐기물,277660,2012
115,경상남도,070. 환경보호,073. 대기,11387,2012
116,경상남도,070. 환경보호,074. 자연,71703,2012
117,경상남도,070. 환경보호,075. 해양,2306,2012
118,경상남도,070. 환경보호,076. 환경보호일반,66632,2012
119,경상남도,080. 사회복지,081. 기초생활보장,1123825,2012
120,경상남도,080. 사회복지,082. 취약계층지원,407021,2012
121,경상남도,080. 사회복지,"084. 보육, 가족 및 여성",955092,2012
122,경상남도,080. 사회복지,085. 노인 및 청소년,922483,2012
123,경상남도,080. 사회복지,086. 노동,54742,2012
124,경상남도,080. 사회복지,087. 보훈,27583,2012
125,경상남도,080. 사회복지,088. 주택,70015,2012
126,경상남도,080. 사회복지,089. 사회복지일반,40520,2012
127,경상남도,090. 보건,091. 보건의료,239537,2012
128,경상남도,090. 보건,093. 식품의약안전,3334,2012
129,경상남도,100. 농림해양수산,101. 농업 및 농촌,1310742,2012
130,경상남도,100. 농림해양수산,102. 임업 및 산촌,391390,2012
131,경상남도,100. 농림해양수산,103. 해양수산 및 어촌,203018,2012
132,경상남도,110. 산업 및 중소기업,112. 산업기술지원,21838,2012
133,경상남도,110. 산업 및 중소기업,113. 무역 및 투자유치,70671,2012
134,경상남도,110. 산업 및 중소기업,114. 산업진흥 및 고도화,236407,2012
135,경상남도,110. 산업 및 중소기업,115. 에너지 및 자원개발,77619,2012
136,경상남도,110. 산업 및 중소기업,116. 산업 및 중소기업 일반,107029,2012
137,경상남도,120. 수송 및 교통,121. 도로,642626,2012
138,경상남도,120. 수송 및 교통,123. 도시철도,30246,2012
139,경상남도,120. 수송 및 교통,124. 해운 및 항만,30179,2012
140,경상남도,120. 수송 및 교통,125. 항공 및 공항,0,2012
141,경상남도,120. 수송 및 교통,"126. 대중교통, 물류 등 기타",468728,2012
142,경상남도,140. 국토 및 지역개발,141. 수자원,390773,2012
143,경상남도,140. 국토 및 지역개발,142. 지역 및 도시,842355,2012
144,경상남도,140. 국토 및 지역개발,143. 산업단지,162670,2012
145,경상남도,150. 과학기술,153. 과학기술일반,0,2012
146,경상남도,160. 예비비,161. 예비비,212674,2012
147,경상남도,900. 기타,901. 기타,1646809,2012
148,경상북도,010. 일반공공행정,011. 입법 및 선거관리,29365,2012
149,경상북도,010. 일반공공행정,013. 지방행정 및 재정지원,633572,2012
150,경상북도,010. 일반공공행정,014. 재정 및 금융,409140,2012
151,경상북도,010. 일반공공행정,016. 일반행정,669565,2012
152,경상북도,020. 공공질서 및 안전,023. 경찰,3,2012
153,경상북도,020. 공공질서 및 안전,025. 재난방재 및 민방위,600014,2012
154,경상북도,050. 교육,051. 유아 및 초중등 교육,31580,2012
155,경상북도,050. 교육,052. 고등교육,5713,2012
156,경상북도,050. 교육,053. 평생 및 직업교육,21440,2012
157,경상북도,060. 문화 및 관광,061. 문화예술,206206,2012
158,경상북도,060. 문화 및 관광,062. 관광,442398,2012
159,경상북도,060. 문화 및 관광,063. 체육,228707,2012
160,경상북도,060. 문화 및 관광,064. 문화재,196529,2012
161,경상북도,060. 문화 및 관광,065. 문화 및 관광 일반,88700,2012
162,경상북도,070. 환경보호,071. 상하수도 및 수질,1675521,2012
163,경상북도,070. 환경보호,072. 폐기물,280719,2012
164,경상북도,070. 환경보호,073. 대기,13213,2012
165,경상북도,070. 환경보호,074. 자연,43238,2012
166,경상북도,070. 환경보호,075. 해양,9161,2012
167,경상북도,070. 환경보호,076. 환경보호일반,41690,2012
168,경상북도,080. 사회복지,081. 기초생활보장,1138583,2012
169,경상북도,080. 사회복지,082. 취약계층지원,401792,2012
170,경상북도,080. 사회복지,"084. 보육, 가족 및 여성",717153,2012
171,경상북도,080. 사회복지,085. 노인 및 청소년,1038456,2012
172,경상북도,080. 사회복지,086. 노동,80692,2012
173,경상북도,080. 사회복지,087. 보훈,26506,2012
174,경상북도,080. 사회복지,088. 주택,21211,2012
175,경상북도,080. 사회복지,089. 사회복지일반,31687,2012
176,경상북도,090. 보건,091. 보건의료,214347,2012
177,경상북도,090. 보건,093. 식품의약안전,8499,2012
178,경상북도,100. 농림해양수산,101. 농업 및 농촌,1729416,2012
179,경상북도,100. 농림해양수산,102. 임업 및 산촌,435556,2012
180,경상북도,100. 농림해양수산,103. 해양수산 및 어촌,190128,2012
181,경상북도,110. 산업 및 중소기업,112. 산업기술지원,61,2012
182,경상북도,110. 산업 및 중소기업,113. 무역 및 투자유치,39533,2012
183,경상북도,110. 산업 및 중소기업,114. 산업진흥 및 고도화,158264,2012
184,경상북도,110. 산업 및 중소기업,115. 에너지 및 자원개발,79042,2012
185,경상북도,110. 산업 및 중소기업,116. 산업 및 중소기업 일반,65980,2012
186,경상북도,120. 수송 및 교통,121. 도로,603207,2012
187,경상북도,120. 수송 및 교통,123. 도시철도,22437,2012
188,경상북도,120. 수송 및 교통,124. 해운 및 항만,3334,2012
189,경상북도,120. 수송 및 교통,125. 항공 및 공항,50,2012
190,경상북도,120. 수송 및 교통,"126. 대중교통, 물류 등 기타",288962,2012
191,경상북도,140. 국토 및 지역개발,141. 수자원,213357,2012
192,경상북도,140. 국토 및 지역개발,142. 지역 및 도시,1278233,2012
193,경상북도,140. 국토 및 지역개발,143. 산업단지,172712,2012
194,경상북도,150. 과학기술,153. 과학기술일반,0,2012
195,경상북도,160. 예비비,161. 예비비,228935,2012
196,경상북도,900. 기타,901. 기타,1833723,2012
197,광주광역시,010. 일반공공행정,011. 입법 및 선거관리,6740,2012
198,광주광역시,010. 일반공공행정,013. 지방행정 및 재정지원,384853,2012
199,광주광역시,010. 일반공공행정,014. 재정 및 금융,3204,2012
200,광주광역시,010. 일반공공행정,016. 일반행정,121693,2012
201,광주광역시,020. 공공질서 및 안전,023. 경찰,0,2012
202,광주광역시,020. 공공질서 및 안전,025. 재난방재 및 민방위,30233,2012
203,광주광역시,050. 교육,051. 유아 및 초중등 교육,193716,2012
204,광주광역시,050. 교육,052. 고등교육,29,2012
205,광주광역시,050. 교육,053. 평생 및 직업교육,33548,2012
206,광주광역시,060. 문화 및 관광,061. 문화예술,99654,2012
207,광주광역시,060. 문화 및 관광,062. 관광,6629,2012
208,광주광역시,060. 문화 및 관광,063. 체육,138166,2012
209,광주광역시,060. 문화 및 관광,064. 문화재,7671,2012
210,광주광역시,060. 문화 및 관광,065. 문화 및 관광 일반,18445,2012
211,광주광역시,070. 환경보호,071. 상하수도 및 수질,254513,2012
212,광주광역시,070. 환경보호,072. 폐기물,96283,2012
213,광주광역시,070. 환경보호,073. 대기,7585,2012
214,광주광역시,070. 환경보호,074. 자연,3392,2012
215,광주광역시,070. 환경보호,075. 해양,0,2012
216,광주광역시,070. 환경보호,076. 환경보호일반,3524,2012
217,광주광역시,080. 사회복지,081. 기초생활보장,639775,2012
218,광주광역시,080. 사회복지,082. 취약계층지원,192020,2012
219,광주광역시,080. 사회복지,"084. 보육, 가족 및 여성",504919,2012
220,광주광역시,080. 사회복지,085. 노인 및 청소년,283319,2012
221,광주광역시,080. 사회복지,086. 노동,32530,2012
222,광주광역시,080. 사회복지,087. 보훈,2440,2012
223,광주광역시,080. 사회복지,088. 주택,2695,2012
224,광주광역시,080. 사회복지,089. 사회복지일반,22506,2012
225,광주광역시,090. 보건,091. 보건의료,60071,2012
226,광주광역시,090. 보건,093. 식품의약안전,1165,2012
227,광주광역시,100. 농림해양수산,101. 농업 및 농촌,45625,2012
228,광주광역시,100. 농림해양수산,102. 임업 및 산촌,7818,2012
229,광주광역시,100. 농림해양수산,103. 해양수산 및 어촌,0,2012
230,광주광역시,110. 산업 및 중소기업,112. 산업기술지원,0,2012
231,광주광역시,110. 산업 및 중소기업,113. 무역 및 투자유치,3269,2012
232,광주광역시,110. 산업 및 중소기업,114. 산업진흥 및 고도화,72649,2012
233,광주광역시,110. 산업 및 중소기업,115. 에너지 및 자원개발,8977,2012
234,광주광역시,110. 산업 및 중소기업,116. 산업 및 중소기업 일반,1212,2012
235,광주광역시,120. 수송 및 교통,121. 도로,163506,2012
236,광주광역시,120. 수송 및 교통,123. 도시철도,7173,2012
237,광주광역시,120. 수송 및 교통,124. 해운 및 항만,0,2012
238,광주광역시,120. 수송 및 교통,125. 항공 및 공항,0,2012
239,광주광역시,120. 수송 및 교통,"126. 대중교통, 물류 등 기타",222553,2012
240,광주광역시,140. 국토 및 지역개발,141. 수자원,24559,2012
241,광주광역시,140. 국토 및 지역개발,142. 지역 및 도시,193717,2012
242,광주광역시,140. 국토 및 지역개발,143. 산업단지,72215,2012
243,광주광역시,150. 과학기술,153. 과학기술일반,0,2012
244,광주광역시,160. 예비비,161. 예비비,56810,2012
245,광주광역시,900. 기타,901. 기타,497816,2012
246,대구광역시,010. 일반공공행정,011. 입법 및 선거관리,10696,2012
247,대구광역시,010. 일반공공행정,013. 지방행정 및 재정지원,324146,2012
248,대구광역시,010. 일반공공행정,014. 재정 및 금융,499681,2012
249,대구광역시,010. 일반공공행정,016. 일반행정,144651,2012
250,대구광역시,020. 공공질서 및 안전,023. 경찰,0,2012
251,대구광역시,020. 공공질서 및 안전,025. 재난방재 및 민방위,89202,2012
252,대구광역시,050. 교육,051. 유아 및 초중등 교육,6042,2012
253,대구광역시,050. 교육,052. 고등교육,0,2012
254,대구광역시,050. 교육,053. 평생 및 직업교육,356251,2012
255,대구광역시,060. 문화 및 관광,061. 문화예술,86888,2012
256,대구광역시,060. 문화 및 관광,062. 관광,18843,2012
257,대구광역시,060. 문화 및 관광,063. 체육,163758,2012
258,대구광역시,060. 문화 및 관광,064. 문화재,8767,2012
259,대구광역시,060. 문화 및 관광,065. 문화 및 관광 일반,243,2012
260,대구광역시,070. 환경보호,071. 상하수도 및 수질,330122,2012
261,대구광역시,070. 환경보호,072. 폐기물,106648,2012
262,대구광역시,070. 환경보호,073. 대기,9078,2012
263,대구광역시,070. 환경보호,074. 자연,5203,2012
264,대구광역시,070. 환경보호,075. 해양,0,2012
265,대구광역시,070. 환경보호,076. 환경보호일반,6621,2012
266,대구광역시,080. 사회복지,081. 기초생활보장,891265,2012
267,대구광역시,080. 사회복지,082. 취약계층지원,380960,2012
268,대구광역시,080. 사회복지,"084. 보육, 가족 및 여성",629110,2012
269,대구광역시,080. 사회복지,085. 노인 및 청소년,515677,2012
270,대구광역시,080. 사회복지,086. 노동,50177,2012
271,대구광역시,080. 사회복지,087. 보훈,6203,2012
272,대구광역시,080. 사회복지,088. 주택,0,2012
273,대구광역시,080. 사회복지,089. 사회복지일반,11519,2012
274,대구광역시,090. 보건,091. 보건의료,185769,2012
275,대구광역시,090. 보건,093. 식품의약안전,2740,2012
276,대구광역시,100. 농림해양수산,101. 농업 및 농촌,59561,2012
277,대구광역시,100. 농림해양수산,102. 임업 및 산촌,28606,2012
278,대구광역시,100. 농림해양수산,103. 해양수산 및 어촌,20,2012
279,대구광역시,110. 산업 및 중소기업,112. 산업기술지원,0,2012
280,대구광역시,110. 산업 및 중소기업,113. 무역 및 투자유치,32257,2012
281,대구광역시,110. 산업 및 중소기업,114. 산업진흥 및 고도화,257462,2012
282,대구광역시,110. 산업 및 중소기업,115. 에너지 및 자원개발,562,2012
283,대구광역시,110. 산업 및 중소기업,116. 산업 및 중소기업 일반,9944,2012
284,대구광역시,120. 수송 및 교통,121. 도로,232139,2012
285,대구광역시,120. 수송 및 교통,123. 도시철도,296806,2012
286,대구광역시,120. 수송 및 교통,124. 해운 및 항만,0,2012
287,대구광역시,120. 수송 및 교통,125. 항공 및 공항,1539,2012
288,대구광역시,120. 수송 및 교통,"126. 대중교통, 물류 등 기타",639339,2012
289,대구광역시,140. 국토 및 지역개발,141. 수자원,37722,2012
290,대구광역시,140. 국토 및 지역개발,142. 지역 및 도시,202757,2012
291,대구광역시,140. 국토 및 지역개발,143. 산업단지,17595,2012
292,대구광역시,150. 과학기술,153. 과학기술일반,0,2012
293,대구광역시,160. 예비비,161. 예비비,73438,2012
294,대구광역시,900. 기타,901. 기타,873340,2012
295,대전광역시,010. 일반공공행정,011. 입법 및 선거관리,7658,2012
296,대전광역시,010. 일반공공행정,013. 지방행정 및 재정지원,453493,2012
297,대전광역시,010. 일반공공행정,014. 재정 및 금융,2406,2012
298,대전광역시,010. 일반공공행정,016. 일반행정,106174,2012
299,대전광역시,020. 공공질서 및 안전,023. 경찰,0,2012
300,대전광역시,020. 공공질서 및 안전,025. 재난방재 및 민방위,37165,2012
301,대전광역시,050. 교육,051. 유아 및 초중등 교육,231030,2012
302,대전광역시,050. 교육,052. 고등교육,0,2012
303,대전광역시,050. 교육,053. 평생 및 직업교육,9021,2012
304,대전광역시,060. 문화 및 관광,061. 문화예술,78453,2012
305,대전광역시,060. 문화 및 관광,062. 관광,15444,2012
306,대전광역시,060. 문화 및 관광,063. 체육,71298,2012
307,대전광역시,060. 문화 및 관광,064. 문화재,8671,2012
308,대전광역시,060. 문화 및 관광,065. 문화 및 관광 일반,163,2012
309,대전광역시,070. 환경보호,071. 상하수도 및 수질,164851,2012
310,대전광역시,070. 환경보호,072. 폐기물,78154,2012
311,대전광역시,070. 환경보호,073. 대기,444,2012
312,대전광역시,070. 환경보호,074. 자연,7292,2012
313,대전광역시,070. 환경보호,075. 해양,0,2012
314,대전광역시,070. 환경보호,076. 환경보호일반,17232,2012
315,대전광역시,080. 사회복지,081. 기초생활보장,482300,2012
316,대전광역시,080. 사회복지,082. 취약계층지원,233740,2012
317,대전광역시,080. 사회복지,"084. 보육, 가족 및 여성",443150,2012
318,대전광역시,080. 사회복지,085. 노인 및 청소년,277874,2012
319,대전광역시,080. 사회복지,086. 노동,14660,2012
320,대전광역시,080. 사회복지,087. 보훈,7174,2012
321,대전광역시,080. 사회복지,088. 주택,0,2012
322,대전광역시,080. 사회복지,089. 사회복지일반,26522,2012
323,대전광역시,090. 보건,091. 보건의료,71265,2012
324,대전광역시,090. 보건,093. 식품의약안전,4957,2012
325,대전광역시,100. 농림해양수산,101. 농업 및 농촌,45348,2012
326,대전광역시,100. 농림해양수산,102. 임업 및 산촌,13492,2012
327,대전광역시,100. 농림해양수산,103. 해양수산 및 어촌,0,2012
328,대전광역시,110. 산업 및 중소기업,112. 산업기술지원,2183,2012
329,대전광역시,110. 산업 및 중소기업,113. 무역 및 투자유치,19851,2012
330,대전광역시,110. 산업 및 중소기업,114. 산업진흥 및 고도화,47836,2012
331,대전광역시,110. 산업 및 중소기업,115. 에너지 및 자원개발,1572,2012
332,대전광역시,110. 산업 및 중소기업,116. 산업 및 중소기업 일반,10964,2012
333,대전광역시,120. 수송 및 교통,121. 도로,106462,2012
334,대전광역시,120. 수송 및 교통,123. 도시철도,33321,2012
335,대전광역시,120. 수송 및 교통,124. 해운 및 항만,0,2012
336,대전광역시,120. 수송 및 교통,125. 항공 및 공항,0,2012
337,대전광역시,120. 수송 및 교통,"126. 대중교통, 물류 등 기타",202783,2012
338,대전광역시,140. 국토 및 지역개발,141. 수자원,31729,2012
339,대전광역시,140. 국토 및 지역개발,142. 지역 및 도시,194539,2012
340,대전광역시,140. 국토 및 지역개발,143. 산업단지,25867,2012
341,대전광역시,150. 과학기술,153. 과학기술일반,0,2012
342,대전광역시,160. 예비비,161. 예비비,49385,2012
343,대전광역시,900. 기타,901. 기타,533722,2012
344,부산광역시,010. 일반공공행정,011. 입법 및 선거관리,17498,2012
345,부산광역시,010. 일반공공행정,013. 지방행정 및 재정지원,535443,2012
346,부산광역시,010. 일반공공행정,014. 재정 및 금융,97307,2012
347,부산광역시,010. 일반공공행정,016. 일반행정,484418,2012
348,부산광역시,020. 공공질서 및 안전,023. 경찰,22,2012
349,부산광역시,020. 공공질서 및 안전,025. 재난방재 및 민방위,198536,2012
350,부산광역시,050. 교육,051. 유아 및 초중등 교육,525372,2012
351,부산광역시,050. 교육,052. 고등교육,0,2012
352,부산광역시,050. 교육,053. 평생 및 직업교육,9263,2012
353,부산광역시,060. 문화 및 관광,061. 문화예술,170562,2012
354,부산광역시,060. 문화 및 관광,062. 관광,24942,2012
355,부산광역시,060. 문화 및 관광,063. 체육,166884,2012
356,부산광역시,060. 문화 및 관광,064. 문화재,32208,2012
357,부산광역시,060. 문화 및 관광,065. 문화 및 관광 일반,595,2012
358,부산광역시,070. 환경보호,071. 상하수도 및 수질,477520,2012
359,부산광역시,070. 환경보호,072. 폐기물,167109,2012
360,부산광역시,070. 환경보호,073. 대기,20679,2012
361,부산광역시,070. 환경보호,074. 자연,2845,2012
362,부산광역시,070. 환경보호,075. 해양,24226,2012
363,부산광역시,070. 환경보호,076. 환경보호일반,10396,2012
364,부산광역시,080. 사회복지,081. 기초생활보장,1495414,2012
365,부산광역시,080. 사회복지,082. 취약계층지원,591621,2012
366,부산광역시,080. 사회복지,"084. 보육, 가족 및 여성",713258,2012
367,부산광역시,080. 사회복지,085. 노인 및 청소년,842869,2012
368,부산광역시,080. 사회복지,086. 노동,64816,2012
369,부산광역시,080. 사회복지,087. 보훈,7053,2012
370,부산광역시,080. 사회복지,088. 주택,476,2012
371,부산광역시,080. 사회복지,089. 사회복지일반,7818,2012
372,부산광역시,090. 보건,091. 보건의료,159932,2012
373,부산광역시,090. 보건,093. 식품의약안전,1178,2012
374,부산광역시,100. 농림해양수산,101. 농업 및 농촌,48588,2012
375,부산광역시,100. 농림해양수산,102. 임업 및 산촌,76468,2012
376,부산광역시,100. 농림해양수산,103. 해양수산 및 어촌,114758,2012
377,부산광역시,110. 산업 및 중소기업,112. 산업기술지원,33449,2012
378,부산광역시,110. 산업 및 중소기업,113. 무역 및 투자유치,145101,2012
379,부산광역시,110. 산업 및 중소기업,114. 산업진흥 및 고도화,120986,2012
380,부산광역시,110. 산업 및 중소기업,115. 에너지 및 자원개발,33541,2012
381,부산광역시,110. 산업 및 중소기업,116. 산업 및 중소기업 일반,1634,2012
382,부산광역시,120. 수송 및 교통,121. 도로,631191,2012
383,부산광역시,120. 수송 및 교통,123. 도시철도,822380,2012
384,부산광역시,120. 수송 및 교통,124. 해운 및 항만,0,2012
385,부산광역시,120. 수송 및 교통,125. 항공 및 공항,0,2012
386,부산광역시,120. 수송 및 교통,"126. 대중교통, 물류 등 기타",459445,2012
387,부산광역시,140. 국토 및 지역개발,141. 수자원,59120,2012
388,부산광역시,140. 국토 및 지역개발,142. 지역 및 도시,438010,2012
389,부산광역시,140. 국토 및 지역개발,143. 산업단지,32164,2012
390,부산광역시,150. 과학기술,153. 과학기술일반,0,2012
391,부산광역시,160. 예비비,161. 예비비,99476,2012
392,부산광역시,900. 기타,901. 기타,1222952,2012
393,서울특별시,010. 일반공공행정,011. 입법 및 선거관리,56251,2012
394,서울특별시,010. 일반공공행정,013. 지방행정 및 재정지원,2988101,2012
395,서울특별시,010. 일반공공행정,014. 재정 및 금융,399162,2012
396,서울특별시,010. 일반공공행정,016. 일반행정,1165365,2012
397,서울특별시,020. 공공질서 및 안전,023. 경찰,1303,2012
398,서울특별시,020. 공공질서 및 안전,025. 재난방재 및 민방위,170792,2012
399,서울특별시,050. 교육,051. 유아 및 초중등 교육,2791142,2012
400,서울특별시,050. 교육,052. 고등교육,47575,2012
401,서울특별시,050. 교육,053. 평생 및 직업교육,48833,2012
402,서울특별시,060. 문화 및 관광,061. 문화예술,362135,2012
403,서울특별시,060. 문화 및 관광,062. 관광,67633,2012
404,서울특별시,060. 문화 및 관광,063. 체육,232852,2012
405,서울특별시,060. 문화 및 관광,064. 문화재,59239,2012
406,서울특별시,060. 문화 및 관광,065. 문화 및 관광 일반,3819,2012
407,서울특별시,070. 환경보호,071. 상하수도 및 수질,1317757,2012
408,서울특별시,070. 환경보호,072. 폐기물,414338,2012
409,서울특별시,070. 환경보호,073. 대기,381105,2012
410,서울특별시,070. 환경보호,074. 자연,69095,2012
411,서울특별시,070. 환경보호,075. 해양,0,2012
412,서울특별시,070. 환경보호,076. 환경보호일반,84668,2012
413,서울특별시,080. 사회복지,081. 기초생활보장,706206,2012
414,서울특별시,080. 사회복지,082. 취약계층지원,2683928,2012
415,서울특별시,080. 사회복지,"084. 보육, 가족 및 여성",2188570,2012
416,서울특별시,080. 사회복지,085. 노인 및 청소년,1690662,2012
417,서울특별시,080. 사회복지,086. 노동,223629,2012
418,서울특별시,080. 사회복지,087. 보훈,5071,2012
419,서울특별시,080. 사회복지,088. 주택,1167132,2012
420,서울특별시,080. 사회복지,089. 사회복지일반,28189,2012
421,서울특별시,090. 보건,091. 보건의료,465889,2012
422,서울특별시,090. 보건,093. 식품의약안전,6049,2012
423,서울특별시,100. 농림해양수산,101. 농업 및 농촌,79490,2012
424,서울특별시,100. 농림해양수산,102. 임업 및 산촌,5550,2012
425,서울특별시,100. 농림해양수산,103. 해양수산 및 어촌,0,2012
426,서울특별시,110. 산업 및 중소기업,112. 산업기술지원,247,2012
427,서울특별시,110. 산업 및 중소기업,113. 무역 및 투자유치,10243,2012
428,서울특별시,110. 산업 및 중소기업,114. 산업진흥 및 고도화,191150,2012
429,서울특별시,110. 산업 및 중소기업,115. 에너지 및 자원개발,356,2012
430,서울특별시,110. 산업 및 중소기업,116. 산업 및 중소기업 일반,48013,2012
431,서울특별시,120. 수송 및 교통,121. 도로,846369,2012
432,서울특별시,120. 수송 및 교통,123. 도시철도,280850,2012
433,서울특별시,120. 수송 및 교통,124. 해운 및 항만,0,2012
434,서울특별시,120. 수송 및 교통,125. 항공 및 공항,0,2012
435,서울특별시,120. 수송 및 교통,"126. 대중교통, 물류 등 기타",2749254,2012
436,서울특별시,140. 국토 및 지역개발,141. 수자원,313363,2012
437,서울특별시,140. 국토 및 지역개발,142. 지역 및 도시,1720283,2012
438,서울특별시,140. 국토 및 지역개발,143. 산업단지,2496,2012
439,서울특별시,150. 과학기술,153. 과학기술일반,0,2012
440,서울특별시,160. 예비비,161. 예비비,228897,2012
441,서울특별시,900. 기타,901. 기타,3716883,2012
442,울산광역시,010. 일반공공행정,011. 입법 및 선거관리,6983,2012
443,울산광역시,010. 일반공공행정,013. 지방행정 및 재정지원,249488,2012
444,울산광역시,010. 일반공공행정,014. 재정 및 금융,195579,2012
445,울산광역시,010. 일반공공행정,016. 일반행정,132873,2012
446,울산광역시,020. 공공질서 및 안전,023. 경찰,0,2012
447,울산광역시,020. 공공질서 및 안전,025. 재난방재 및 민방위,45600,2012
448,울산광역시,050. 교육,051. 유아 및 초중등 교육,193636,2012
449,울산광역시,050. 교육,052. 고등교육,15964,2012
450,울산광역시,050. 교육,053. 평생 및 직업교육,3124,2012
451,울산광역시,060. 문화 및 관광,061. 문화예술,52828,2012
452,울산광역시,060. 문화 및 관광,062. 관광,42153,2012
453,울산광역시,060. 문화 및 관광,063. 체육,68187,2012
454,울산광역시,060. 문화 및 관광,064. 문화재,24019,2012
455,울산광역시,060. 문화 및 관광,065. 문화 및 관광 일반,9,2012
456,울산광역시,070. 환경보호,071. 상하수도 및 수질,210339,2012
457,울산광역시,070. 환경보호,072. 폐기물,70428,2012
458,울산광역시,070. 환경보호,073. 대기,11343,2012
459,울산광역시,070. 환경보호,074. 자연,6948,2012
460,울산광역시,070. 환경보호,075. 해양,0,2012
461,울산광역시,070. 환경보호,076. 환경보호일반,12864,2012
462,울산광역시,080. 사회복지,081. 기초생활보장,217312,2012
463,울산광역시,080. 사회복지,082. 취약계층지원,131857,2012
464,울산광역시,080. 사회복지,"084. 보육, 가족 및 여성",269072,2012
465,울산광역시,080. 사회복지,085. 노인 및 청소년,183657,2012
466,울산광역시,080. 사회복지,086. 노동,17816,2012
467,울산광역시,080. 사회복지,087. 보훈,3137,2012
468,울산광역시,080. 사회복지,088. 주택,395,2012
469,울산광역시,080. 사회복지,089. 사회복지일반,9588,2012
470,울산광역시,090. 보건,091. 보건의료,52044,2012
471,울산광역시,090. 보건,093. 식품의약안전,3942,2012
472,울산광역시,100. 농림해양수산,101. 농업 및 농촌,71907,2012
473,울산광역시,100. 농림해양수산,102. 임업 및 산촌,42551,2012
474,울산광역시,100. 농림해양수산,103. 해양수산 및 어촌,13688,2012
475,울산광역시,110. 산업 및 중소기업,112. 산업기술지원,4045,2012
476,울산광역시,110. 산업 및 중소기업,113. 무역 및 투자유치,13323,2012
477,울산광역시,110. 산업 및 중소기업,114. 산업진흥 및 고도화,44486,2012
478,울산광역시,110. 산업 및 중소기업,115. 에너지 및 자원개발,890,2012
479,울산광역시,110. 산업 및 중소기업,116. 산업 및 중소기업 일반,1693,2012
480,울산광역시,120. 수송 및 교통,121. 도로,281542,2012
481,울산광역시,120. 수송 및 교통,123. 도시철도,0,2012
482,울산광역시,120. 수송 및 교통,124. 해운 및 항만,21,2012
483,울산광역시,120. 수송 및 교통,125. 항공 및 공항,0,2012
484,울산광역시,120. 수송 및 교통,"126. 대중교통, 물류 등 기타",135372,2012
485,울산광역시,140. 국토 및 지역개발,141. 수자원,45171,2012
486,울산광역시,140. 국토 및 지역개발,142. 지역 및 도시,119760,2012
487,울산광역시,140. 국토 및 지역개발,143. 산업단지,209952,2012
488,울산광역시,150. 과학기술,153. 과학기술일반,0,2012
489,울산광역시,160. 예비비,161. 예비비,44185,2012
490,울산광역시,900. 기타,901. 기타,383573,2012
491,인천광역시,010. 일반공공행정,011. 입법 및 선거관리,13017,2012
492,인천광역시,010. 일반공공행정,013. 지방행정 및 재정지원,473074,2012
493,인천광역시,010. 일반공공행정,014. 재정 및 금융,286725,2012
494,인천광역시,010. 일반공공행정,016. 일반행정,244239,2012
495,인천광역시,020. 공공질서 및 안전,023. 경찰,0,2012
496,인천광역시,020. 공공질서 및 안전,025. 재난방재 및 민방위,72082,2012
497,인천광역시,050. 교육,051. 유아 및 초중등 교육,659219,2012
498,인천광역시,050. 교육,052. 고등교육,183091,2012
499,인천광역시,050. 교육,053. 평생 및 직업교육,32170,2012
500,인천광역시,060. 문화 및 관광,061. 문화예술,111431,2012
501,인천광역시,060. 문화 및 관광,062. 관광,22072,2012
502,인천광역시,060. 문화 및 관광,063. 체육,571387,2012
503,인천광역시,060. 문화 및 관광,064. 문화재,26226,2012
504,인천광역시,060. 문화 및 관광,065. 문화 및 관광 일반,3516,2012
505,인천광역시,070. 환경보호,071. 상하수도 및 수질,391735,2012
506,인천광역시,070. 환경보호,072. 폐기물,185937,2012
507,인천광역시,070. 환경보호,073. 대기,31023,2012
508,인천광역시,070. 환경보호,074. 자연,5357,2012
509,인천광역시,070. 환경보호,075. 해양,13774,2012
510,인천광역시,070. 환경보호,076. 환경보호일반,12660,2012
511,인천광역시,080. 사회복지,081. 기초생활보장,766660,2012
512,인천광역시,080. 사회복지,082. 취약계층지원,293549,2012
513,인천광역시,080. 사회복지,"084. 보육, 가족 및 여성",790599,2012
514,인천광역시,080. 사회복지,085. 노인 및 청소년,549750,2012
515,인천광역시,080. 사회복지,086. 노동,50045,2012
516,인천광역시,080. 사회복지,087. 보훈,35969,2012
517,인천광역시,080. 사회복지,088. 주택,26054,2012
518,인천광역시,080. 사회복지,089. 사회복지일반,39189,2012
519,인천광역시,090. 보건,091. 보건의료,159293,2012
520,인천광역시,090. 보건,093. 식품의약안전,2648,2012
521,인천광역시,100. 농림해양수산,101. 농업 및 농촌,130073,2012
522,인천광역시,100. 농림해양수산,102. 임업 및 산촌,30325,2012
523,인천광역시,100. 농림해양수산,103. 해양수산 및 어촌,65805,2012
524,인천광역시,110. 산업 및 중소기업,112. 산업기술지원,277,2012
525,인천광역시,110. 산업 및 중소기업,113. 무역 및 투자유치,4756,2012
526,인천광역시,110. 산업 및 중소기업,114. 산업진흥 및 고도화,61388,2012
527,인천광역시,110. 산업 및 중소기업,115. 에너지 및 자원개발,15493,2012
528,인천광역시,110. 산업 및 중소기업,116. 산업 및 중소기업 일반,27365,2012
529,인천광역시,120. 수송 및 교통,121. 도로,297863,2012
530,인천광역시,120. 수송 및 교통,123. 도시철도,533925,2012
531,인천광역시,120. 수송 및 교통,124. 해운 및 항만,114,2012
532,인천광역시,120. 수송 및 교통,125. 항공 및 공항,10,2012
533,인천광역시,120. 수송 및 교통,"126. 대중교통, 물류 등 기타",741151,2012
534,인천광역시,140. 국토 및 지역개발,141. 수자원,26967,2012
535,인천광역시,140. 국토 및 지역개발,142. 지역 및 도시,1379925,2012
536,인천광역시,140. 국토 및 지역개발,143. 산업단지,0,2012
537,인천광역시,150. 과학기술,153. 과학기술일반,0,2012
538,인천광역시,160. 예비비,161. 예비비,96471,2012
539,인천광역시,900. 기타,901. 기타,949552,2012
540,전라남도,010. 일반공공행정,011. 입법 및 선거관리,23721,2012
541,전라남도,010. 일반공공행정,013. 지방행정 및 재정지원,469007,2012
542,전라남도,010. 일반공공행정,014. 재정 및 금융,7939,2012
543,전라남도,010. 일반공공행정,016. 일반행정,500605,2012
544,전라남도,020. 공공질서 및 안전,023. 경찰,0,2012
545,전라남도,020. 공공질서 및 안전,025. 재난방재 및 민방위,352375,2012
546,전라남도,050. 교육,051. 유아 및 초중등 교육,208875,2012
547,전라남도,050. 교육,052. 고등교육,35350,2012
548,전라남도,050. 교육,053. 평생 및 직업교육,24303,2012
549,전라남도,060. 문화 및 관광,061. 문화예술,150938,2012
550,전라남도,060. 문화 및 관광,062. 관광,372830,2012
551,전라남도,060. 문화 및 관광,063. 체육,163654,2012
552,전라남도,060. 문화 및 관광,064. 문화재,121779,2012
553,전라남도,060. 문화 및 관광,065. 문화 및 관광 일반,13749,2012
554,전라남도,070. 환경보호,071. 상하수도 및 수질,1079545,2012
555,전라남도,070. 환경보호,072. 폐기물,173716,2012
556,전라남도,070. 환경보호,073. 대기,14998,2012
557,전라남도,070. 환경보호,074. 자연,32779,2012
558,전라남도,070. 환경보호,075. 해양,30023,2012
559,전라남도,070. 환경보호,076. 환경보호일반,39112,2012
560,전라남도,080. 사회복지,081. 기초생활보장,973136,2012
561,전라남도,080. 사회복지,082. 취약계층지원,315366,2012
562,전라남도,080. 사회복지,"084. 보육, 가족 및 여성",618071,2012
563,전라남도,080. 사회복지,085. 노인 및 청소년,915627,2012
564,전라남도,080. 사회복지,086. 노동,16983,2012
565,전라남도,080. 사회복지,087. 보훈,7009,2012
566,전라남도,080. 사회복지,088. 주택,11314,2012
567,전라남도,080. 사회복지,089. 사회복지일반,37612,2012
568,전라남도,090. 보건,091. 보건의료,193751,2012
569,전라남도,090. 보건,093. 식품의약안전,3226,2012
570,전라남도,100. 농림해양수산,101. 농업 및 농촌,1930473,2012
571,전라남도,100. 농림해양수산,102. 임업 및 산촌,411293,2012
572,전라남도,100. 농림해양수산,103. 해양수산 및 어촌,309186,2012
573,전라남도,110. 산업 및 중소기업,112. 산업기술지원,5596,2012
574,전라남도,110. 산업 및 중소기업,113. 무역 및 투자유치,53688,2012
575,전라남도,110. 산업 및 중소기업,114. 산업진흥 및 고도화,85231,2012
576,전라남도,110. 산업 및 중소기업,115. 에너지 및 자원개발,29788,2012
577,전라남도,110. 산업 및 중소기업,116. 산업 및 중소기업 일반,62195,2012
578,전라남도,120. 수송 및 교통,121. 도로,530774,2012
579,전라남도,120. 수송 및 교통,123. 도시철도,0,2012
580,전라남도,120. 수송 및 교통,124. 해운 및 항만,20253,2012
581,전라남도,120. 수송 및 교통,125. 항공 및 공항,70,2012
582,전라남도,120. 수송 및 교통,"126. 대중교통, 물류 등 기타",258323,2012
583,전라남도,140. 국토 및 지역개발,141. 수자원,165811,2012
584,전라남도,140. 국토 및 지역개발,142. 지역 및 도시,1137114,2012
585,전라남도,140. 국토 및 지역개발,143. 산업단지,75987,2012
586,전라남도,150. 과학기술,153. 과학기술일반,0,2012
587,전라남도,160. 예비비,161. 예비비,166502,2012
588,전라남도,900. 기타,901. 기타,1524011,2012
589,전라북도,010. 일반공공행정,011. 입법 및 선거관리,19467,2012
590,전라북도,010. 일반공공행정,013. 지방행정 및 재정지원,250001,2012
591,전라북도,010. 일반공공행정,014. 재정 및 금융,291132,2012
592,전라북도,010. 일반공공행정,016. 일반행정,362079,2012
593,전라북도,020. 공공질서 및 안전,023. 경찰,0,2012
594,전라북도,020. 공공질서 및 안전,025. 재난방재 및 민방위,266934,2012
595,전라북도,050. 교육,051. 유아 및 초중등 교육,258499,2012
596,전라북도,050. 교육,052. 고등교육,2327,2012
597,전라북도,050. 교육,053. 평생 및 직업교육,23566,2012
598,전라북도,060. 문화 및 관광,061. 문화예술,174062,2012
599,전라북도,060. 문화 및 관광,062. 관광,128835,2012
600,전라북도,060. 문화 및 관광,063. 체육,124968,2012
601,전라북도,060. 문화 및 관광,064. 문화재,65561,2012
602,전라북도,060. 문화 및 관광,065. 문화 및 관광 일반,30345,2012
603,전라북도,070. 환경보호,071. 상하수도 및 수질,866455,2012
604,전라북도,070. 환경보호,072. 폐기물,153976,2012
605,전라북도,070. 환경보호,073. 대기,11259,2012
606,전라북도,070. 환경보호,074. 자연,9358,2012
607,전라북도,070. 환경보호,075. 해양,794,2012
608,전라북도,070. 환경보호,076. 환경보호일반,24691,2012
609,전라북도,080. 사회복지,081. 기초생활보장,1034238,2012
610,전라북도,080. 사회복지,082. 취약계층지원,290611,2012
611,전라북도,080. 사회복지,"084. 보육, 가족 및 여성",576602,2012
612,전라북도,080. 사회복지,085. 노인 및 청소년,683701,2012
613,전라북도,080. 사회복지,086. 노동,48418,2012
614,전라북도,080. 사회복지,087. 보훈,7214,2012
615,전라북도,080. 사회복지,088. 주택,4821,2012
616,전라북도,080. 사회복지,089. 사회복지일반,69547,2012
617,전라북도,090. 보건,091. 보건의료,137463,2012
618,전라북도,090. 보건,093. 식품의약안전,2121,2012
619,전라북도,100. 농림해양수산,101. 농업 및 농촌,1459075,2012
620,전라북도,100. 농림해양수산,102. 임업 및 산촌,266630,2012
621,전라북도,100. 농림해양수산,103. 해양수산 및 어촌,84054,2012
622,전라북도,110. 산업 및 중소기업,112. 산업기술지원,8626,2012
623,전라북도,110. 산업 및 중소기업,113. 무역 및 투자유치,36259,2012
624,전라북도,110. 산업 및 중소기업,114. 산업진흥 및 고도화,164363,2012
625,전라북도,110. 산업 및 중소기업,115. 에너지 및 자원개발,28900,2012
626,전라북도,110. 산업 및 중소기업,116. 산업 및 중소기업 일반,29131,2012
627,전라북도,120. 수송 및 교통,121. 도로,273339,2012
628,전라북도,120. 수송 및 교통,123. 도시철도,0,2012
629,전라북도,120. 수송 및 교통,124. 해운 및 항만,1294,2012
630,전라북도,120. 수송 및 교통,125. 항공 및 공항,108,2012
631,전라북도,120. 수송 및 교통,"126. 대중교통, 물류 등 기타",192226,2012
632,전라북도,140. 국토 및 지역개발,141. 수자원,401228,2012
633,전라북도,140. 국토 및 지역개발,142. 지역 및 도시,452009,2012
634,전라북도,140. 국토 및 지역개발,143. 산업단지,143368,2012
635,전라북도,150. 과학기술,153. 과학기술일반,0,2012
636,전라북도,160. 예비비,161. 예비비,157718,2012
637,전라북도,900. 기타,901. 기타,1167586,2012
638,제주도,010. 일반공공행정,011. 입법 및 선거관리,5372,2012
639,제주도,010. 일반공공행정,013. 지방행정 및 재정지원,234937,2012
640,제주도,010. 일반공공행정,014. 재정 및 금융,0,2012
641,제주도,010. 일반공공행정,016. 일반행정,134433,2012
642,제주도,020. 공공질서 및 안전,023. 경찰,1447,2012
643,제주도,020. 공공질서 및 안전,025. 재난방재 및 민방위,124937,2012
644,제주도,050. 교육,051. 유아 및 초중등 교육,37132,2012
645,제주도,050. 교육,052. 고등교육,683,2012
646,제주도,050. 교육,053. 평생 및 직업교육,2578,2012
647,제주도,060. 문화 및 관광,061. 문화예술,51152,2012
648,제주도,060. 문화 및 관광,062. 관광,31391,2012
649,제주도,060. 문화 및 관광,063. 체육,52258,2012
650,제주도,060. 문화 및 관광,064. 문화재,18447,2012
651,제주도,060. 문화 및 관광,065. 문화 및 관광 일반,22393,2012
652,제주도,070. 환경보호,071. 상하수도 및 수질,216467,2012
653,제주도,070. 환경보호,072. 폐기물,36461,2012
654,제주도,070. 환경보호,073. 대기,3218,2012
655,제주도,070. 환경보호,074. 자연,62801,2012
656,제주도,070. 환경보호,075. 해양,4009,2012
657,제주도,070. 환경보호,076. 환경보호일반,2175,2012
658,제주도,080. 사회복지,081. 기초생활보장,161649,2012
659,제주도,080. 사회복지,082. 취약계층지원,56807,2012
660,제주도,080. 사회복지,"084. 보육, 가족 및 여성",180380,2012
661,제주도,080. 사회복지,085. 노인 및 청소년,119977,2012
662,제주도,080. 사회복지,086. 노동,14687,2012
663,제주도,080. 사회복지,087. 보훈,3744,2012
664,제주도,080. 사회복지,088. 주택,2479,2012
665,제주도,080. 사회복지,089. 사회복지일반,2175,2012
666,제주도,090. 보건,091. 보건의료,27937,2012
667,제주도,090. 보건,093. 식품의약안전,775,2012
668,제주도,100. 농림해양수산,101. 농업 및 농촌,305833,2012
669,제주도,100. 농림해양수산,102. 임업 및 산촌,19202,2012
670,제주도,100. 농림해양수산,103. 해양수산 및 어촌,93255,2012
671,제주도,110. 산업 및 중소기업,112. 산업기술지원,0,2012
672,제주도,110. 산업 및 중소기업,113. 무역 및 투자유치,14392,2012
673,제주도,110. 산업 및 중소기업,114. 산업진흥 및 고도화,44428,2012
674,제주도,110. 산업 및 중소기업,115. 에너지 및 자원개발,12726,2012
675,제주도,110. 산업 및 중소기업,116. 산업 및 중소기업 일반,17463,2012
676,제주도,120. 수송 및 교통,121. 도로,202256,2012
677,제주도,120. 수송 및 교통,123. 도시철도,0,2012
678,제주도,120. 수송 및 교통,124. 해운 및 항만,72441,2012
679,제주도,120. 수송 및 교통,125. 항공 및 공항,982,2012
680,제주도,120. 수송 및 교통,"126. 대중교통, 물류 등 기타",64299,2012
681,제주도,140. 국토 및 지역개발,141. 수자원,0,2012
682,제주도,140. 국토 및 지역개발,142. 지역 및 도시,146467,2012
683,제주도,140. 국토 및 지역개발,143. 산업단지,0,2012
684,제주도,150. 과학기술,153. 과학기술일반,0,2012
685,제주도,160. 예비비,161. 예비비,24640,2012
686,제주도,900. 기타,901. 기타,443812,2012
687,충청남도,010. 일반공공행정,011. 입법 및 선거관리,19507,2012
688,충청남도,010. 일반공공행정,013. 지방행정 및 재정지원,392358,2012
689,충청남도,010. 일반공공행정,014. 재정 및 금융,317281,2012
690,충청남도,010. 일반공공행정,016. 일반행정,350733,2012
691,충청남도,020. 공공질서 및 안전,023. 경찰,86,2012
692,충청남도,020. 공공질서 및 안전,025. 재난방재 및 민방위,389486,2012
693,충청남도,050. 교육,051. 유아 및 초중등 교육,276667,2012
694,충청남도,050. 교육,052. 고등교육,9422,2012
695,충청남도,050. 교육,053. 평생 및 직업교육,29407,2012
696,충청남도,060. 문화 및 관광,061. 문화예술,158498,2012
697,충청남도,060. 문화 및 관광,062. 관광,97803,2012
698,충청남도,060. 문화 및 관광,063. 체육,164971,2012
699,충청남도,060. 문화 및 관광,064. 문화재,72898,2012
700,충청남도,060. 문화 및 관광,065. 문화 및 관광 일반,9122,2012
701,충청남도,070. 환경보호,071. 상하수도 및 수질,1358082,2012
702,충청남도,070. 환경보호,072. 폐기물,170767,2012
703,충청남도,070. 환경보호,073. 대기,6808,2012
704,충청남도,070. 환경보호,074. 자연,33668,2012
705,충청남도,070. 환경보호,075. 해양,1793,2012
706,충청남도,070. 환경보호,076. 환경보호일반,28666,2012
707,충청남도,080. 사회복지,081. 기초생활보장,769322,2012
708,충청남도,080. 사회복지,082. 취약계층지원,300907,2012
709,충청남도,080. 사회복지,"084. 보육, 가족 및 여성",530462,2012
710,충청남도,080. 사회복지,085. 노인 및 청소년,623261,2012
711,충청남도,080. 사회복지,086. 노동,42192,2012
712,충청남도,080. 사회복지,087. 보훈,18094,2012
713,충청남도,080. 사회복지,088. 주택,32960,2012
714,충청남도,080. 사회복지,089. 사회복지일반,64781,2012
715,충청남도,090. 보건,091. 보건의료,176336,2012
716,충청남도,090. 보건,093. 식품의약안전,4683,2012
717,충청남도,100. 농림해양수산,101. 농업 및 농촌,1348982,2012
718,충청남도,100. 농림해양수산,102. 임업 및 산촌,262427,2012
719,충청남도,100. 농림해양수산,103. 해양수산 및 어촌,135463,2012
720,충청남도,110. 산업 및 중소기업,112. 산업기술지원,8950,2012
721,충청남도,110. 산업 및 중소기업,113. 무역 및 투자유치,11369,2012
722,충청남도,110. 산업 및 중소기업,114. 산업진흥 및 고도화,82839,2012
723,충청남도,110. 산업 및 중소기업,115. 에너지 및 자원개발,61416,2012
724,충청남도,110. 산업 및 중소기업,116. 산업 및 중소기업 일반,36774,2012
725,충청남도,120. 수송 및 교통,121. 도로,298471,2012
726,충청남도,120. 수송 및 교통,123. 도시철도,55,2012
727,충청남도,120. 수송 및 교통,124. 해운 및 항만,752,2012
728,충청남도,120. 수송 및 교통,125. 항공 및 공항,0,2012
729,충청남도,120. 수송 및 교통,"126. 대중교통, 물류 등 기타",224302,2012
730,충청남도,140. 국토 및 지역개발,141. 수자원,152980,2012
731,충청남도,140. 국토 및 지역개발,142. 지역 및 도시,956023,2012
732,충청남도,140. 국토 및 지역개발,143. 산업단지,370319,2012
733,충청남도,150. 과학기술,153. 과학기술일반,0,2012
734,충청남도,160. 예비비,161. 예비비,143141,2012
735,충청남도,900. 기타,901. 기타,1203813,2012
736,충청북도,010. 일반공공행정,011. 입법 및 선거관리,14169,2012
737,충청북도,010. 일반공공행정,013. 지방행정 및 재정지원,467500,2012
738,충청북도,010. 일반공공행정,014. 재정 및 금융,1635,2012
739,충청북도,010. 일반공공행정,016. 일반행정,244703,2012
740,충청북도,020. 공공질서 및 안전,023. 경찰,116,2012
741,충청북도,020. 공공질서 및 안전,025. 재난방재 및 민방위,299961,2012
742,충청북도,050. 교육,051. 유아 및 초중등 교육,174788,2012
743,충청북도,050. 교육,052. 고등교육,17014,2012
744,충청북도,050. 교육,053. 평생 및 직업교육,11729,2012
745,충청북도,060. 문화 및 관광,061. 문화예술,81892,2012
746,충청북도,060. 문화 및 관광,062. 관광,90857,2012
747,충청북도,060. 문화 및 관광,063. 체육,149520,2012
748,충청북도,060. 문화 및 관광,064. 문화재,43649,2012
749,충청북도,060. 문화 및 관광,065. 문화 및 관광 일반,0,2012
750,충청북도,070. 환경보호,071. 상하수도 및 수질,734759,2012
751,충청북도,070. 환경보호,072. 폐기물,108016,2012
752,충청북도,070. 환경보호,073. 대기,7849,2012
753,충청북도,070. 환경보호,074. 자연,19847,2012
754,충청북도,070. 환경보호,075. 해양,0,2012
755,충청북도,070. 환경보호,076. 환경보호일반,20323,2012
756,충청북도,080. 사회복지,081. 기초생활보장,540718,2012
757,충청북도,080. 사회복지,082. 취약계층지원,252553,2012
758,충청북도,080. 사회복지,"084. 보육, 가족 및 여성",498441,2012
759,충청북도,080. 사회복지,085. 노인 및 청소년,494518,2012
760,충청북도,080. 사회복지,086. 노동,25220,2012
761,충청북도,080. 사회복지,087. 보훈,6112,2012
762,충청북도,080. 사회복지,088. 주택,17807,2012
763,충청북도,080. 사회복지,089. 사회복지일반,39391,2012
764,충청북도,090. 보건,091. 보건의료,126955,2012
765,충청북도,090. 보건,093. 식품의약안전,4303,2012
766,충청북도,100. 농림해양수산,101. 농업 및 농촌,746535,2012
767,충청북도,100. 농림해양수산,102. 임업 및 산촌,167172,2012
768,충청북도,100. 농림해양수산,103. 해양수산 및 어촌,7234,2012
769,충청북도,110. 산업 및 중소기업,112. 산업기술지원,9384,2012
770,충청북도,110. 산업 및 중소기업,113. 무역 및 투자유치,31733,2012
771,충청북도,110. 산업 및 중소기업,114. 산업진흥 및 고도화,99557,2012
772,충청북도,110. 산업 및 중소기업,115. 에너지 및 자원개발,11837,2012
773,충청북도,110. 산업 및 중소기업,116. 산업 및 중소기업 일반,27218,2012
774,충청북도,120. 수송 및 교통,121. 도로,450254,2012
775,충청북도,120. 수송 및 교통,123. 도시철도,0,2012
776,충청북도,120. 수송 및 교통,124. 해운 및 항만,0,2012
777,충청북도,120. 수송 및 교통,125. 항공 및 공항,608,2012
778,충청북도,120. 수송 및 교통,"126. 대중교통, 물류 등 기타",188345,2012
779,충청북도,140. 국토 및 지역개발,141. 수자원,49254,2012
780,충청북도,140. 국토 및 지역개발,142. 지역 및 도시,357140,2012
781,충청북도,140. 국토 및 지역개발,143. 산업단지,181273,2012
782,충청북도,150. 과학기술,153. 과학기술일반,0,2012
783,충청북도,160. 예비비,161. 예비비,115916,2012
784,충청북도,900. 기타,901. 기타,884336,2012
785,강원도,010. 일반공공행정,011. 입법 및 선거관리,6995735,2013
786,강원도,010. 일반공공행정,013. 지방행정 및 재정지원,158787452,2013
787,강원도,010. 일반공공행정,014. 재정 및 금융,5649398,2013
788,강원도,010. 일반공공행정,016. 일반행정,48159327,2013
789,강원도,020. 공공질서 및 안전,023. 경찰,43000,2013
790,강원도,020. 공공질서 및 안전,025. 재난방재 및 민방위,142799531,2013
791,강원도,050. 교육,051. 유아 및 초중등 교육,155157346,2013
792,강원도,050. 교육,052. 고등교육,7775000,2013
793,강원도,050. 교육,053. 평생 및 직업교육,0,2013
794,강원도,060. 문화 및 관광,061. 문화예술,27141760,2013
795,강원도,060. 문화 및 관광,062. 관광,49197819,2013
796,강원도,060. 문화 및 관광,063. 체육,173517190,2013
797,강원도,060. 문화 및 관광,064. 문화재,21422495,2013
798,강원도,060. 문화 및 관광,065. 문화 및 관광 일반,951596,2013
799,강원도,070. 환경보호,071. 상하수도 및 수질,282360488,2013
800,강원도,070. 환경보호,072. 폐기물,22922429,2013
801,강원도,070. 환경보호,073. 대기,537567,2013
802,강원도,070. 환경보호,074. 자연,12625270,2013
803,강원도,070. 환경보호,075. 해양,6681000,2013
804,강원도,070. 환경보호,076. 환경보호 일반,13754246,2013
805,강원도,080. 사회복지,081. 기초생활보장,193334721,2013
806,강원도,080. 사회복지,082. 취약계층지원,82937793,2013
807,강원도,080. 사회복지,"084. 보육, 가족 및 여성",221493902,2013
808,강원도,080. 사회복지,085. 노인 및 청소년,224755344,2013
809,강원도,080. 사회복지,086. 노동,18641139,2013
810,강원도,080. 사회복지,087. 보훈,282000,2013
811,강원도,080. 사회복지,088. 주택,0,2013
812,강원도,080. 사회복지,089. 사회복지일반,13765568,2013
813,강원도,090. 보건,091. 보건의료,37307808,2013
814,강원도,090. 보건,093. 식품의약안전,469745,2013
815,강원도,100. 농림해양수산,101. 농업 및 농촌,264611300,2013
816,강원도,100. 농림해양수산,102. 임업 및 산촌,139569528,2013
817,강원도,100. 농림해양수산,103. 해양수산 및 어촌,42810221,2013
818,강원도,110. 산업 및 중소기업,111. 산업금융지원,12117053,2013
819,강원도,110. 산업 및 중소기업,112. 산업기술지원,4603770,2013
820,강원도,110. 산업 및 중소기업,113. 무역 및 투자유치,806781,2013
821,강원도,110. 산업 및 중소기업,114. 산업진흥 및 고도화,44447800,2013
822,강원도,110. 산업 및 중소기업,115. 에너지 및 자원개발,10468065,2013
823,강원도,110. 산업 및 중소기업,116. 산업 및 중소기업 일반,0,2013
824,강원도,120. 수송 및 교통,121. 도로,165297349,2013
825,강원도,120. 수송 및 교통,123. 도시철도,0,2013
826,강원도,120. 수송 및 교통,124. 해운 및 항만,0,2013
827,강원도,120. 수송 및 교통,125. 항공 및 공항,0,2013
828,강원도,120. 수송 및 교통,"126. 대중교통, 물류 등 기타",12965265,2013
829,강원도,140. 국토 및 지역개발,141. 수자원,131508546,2013
830,강원도,140. 국토 및 지역개발,142. 지역 및 도시,132477926,2013
831,강원도,140. 국토 및 지역개발,143. 산업단지,0,2013
832,강원도,150. 과학기술,152. 과학기술연구지원,0,2013
833,강원도,150. 과학기술,153. 과학기술일반,1456800,2013
834,강원도,160. 예비비,161. 예비비,47659346,2013
835,강원도,900. 기타,901. 기타,312753581,2013
836,경기도,010. 일반공공행정,011. 입법 및 선거관리,17432188,2013
837,경기도,010. 일반공공행정,013. 지방행정 및 재정지원,19094536,2013
838,경기도,010. 일반공공행정,014. 재정 및 금융,156778318,2013
839,경기도,010. 일반공공행정,016. 일반행정,2756413775,2013
840,경기도,020. 공공질서 및 안전,023. 경찰,0,2013
841,경기도,020. 공공질서 및 안전,025. 재난방재 및 민방위,181436097,2013
842,경기도,050. 교육,051. 유아 및 초중등 교육,2387371535,2013
843,경기도,050. 교육,052. 고등교육,1610400,2013
844,경기도,050. 교육,053. 평생 및 직업교육,17475635,2013
845,경기도,060. 문화 및 관광,061. 문화예술,69028700,2013
846,경기도,060. 문화 및 관광,062. 관광,31880046,2013
847,경기도,060. 문화 및 관광,063. 체육,59406225,2013
848,경기도,060. 문화 및 관광,064. 문화재,47196019,2013
849,경기도,060. 문화 및 관광,065. 문화 및 관광 일반,17802050,2013
850,경기도,070. 환경보호,071. 상하수도 및 수질,519921896,2013
851,경기도,070. 환경보호,072. 폐기물,41260118,2013
852,경기도,070. 환경보호,073. 대기,102703092,2013
853,경기도,070. 환경보호,074. 자연,788540,2013
854,경기도,070. 환경보호,075. 해양,0,2013
855,경기도,070. 환경보호,076. 환경보호 일반,38318144,2013
856,경기도,080. 사회복지,081. 기초생활보장,1307639766,2013
857,경기도,080. 사회복지,082. 취약계층지원,596819608,2013
858,경기도,080. 사회복지,"084. 보육, 가족 및 여성",1457529738,2013
859,경기도,080. 사회복지,085. 노인 및 청소년,789442540,2013
860,경기도,080. 사회복지,086. 노동,50762775,2013
861,경기도,080. 사회복지,087. 보훈,0,2013
862,경기도,080. 사회복지,088. 주택,0,2013
863,경기도,080. 사회복지,089. 사회복지일반,97000000,2013
864,경기도,090. 보건,091. 보건의료,194701991,2013
865,경기도,090. 보건,093. 식품의약안전,1505691,2013
866,경기도,100. 농림해양수산,101. 농업 및 농촌,365802313,2013
867,경기도,100. 농림해양수산,102. 임업 및 산촌,79782415,2013
868,경기도,100. 농림해양수산,103. 해양수산 및 어촌,26391709,2013
869,경기도,110. 산업 및 중소기업,111. 산업금융지원,21978270,2013
870,경기도,110. 산업 및 중소기업,112. 산업기술지원,0,2013
871,경기도,110. 산업 및 중소기업,113. 무역 및 투자유치,1783868,2013
872,경기도,110. 산업 및 중소기업,114. 산업진흥 및 고도화,6294580,2013
873,경기도,110. 산업 및 중소기업,115. 에너지 및 자원개발,5277828,2013
874,경기도,110. 산업 및 중소기업,116. 산업 및 중소기업 일반,71058886,2013
875,경기도,120. 수송 및 교통,121. 도로,481936187,2013
876,경기도,120. 수송 및 교통,123. 도시철도,7172650,2013
877,경기도,120. 수송 및 교통,124. 해운 및 항만,1773405,2013
878,경기도,120. 수송 및 교통,125. 항공 및 공항,0,2013
879,경기도,120. 수송 및 교통,"126. 대중교통, 물류 등 기타",451096003,2013
880,경기도,140. 국토 및 지역개발,141. 수자원,240557776,2013
881,경기도,140. 국토 및 지역개발,142. 지역 및 도시,221849125,2013
882,경기도,140. 국토 및 지역개발,143. 산업단지,0,2013
883,경기도,150. 과학기술,152. 과학기술연구지원,0,2013
884,경기도,150. 과학기술,153. 과학기술일반,36340196,2013
885,경기도,160. 예비비,161. 예비비,110579885,2013
886,경기도,900. 기타,901. 기타,685217283,2013
887,경상남도,010. 일반공공행정,011. 입법 및 선거관리,6779697,2013
888,경상남도,010. 일반공공행정,013. 지방행정 및 재정지원,493811384,2013
889,경상남도,010. 일반공공행정,014. 재정 및 금융,522619809,2013
890,경상남도,010. 일반공공행정,016. 일반행정,57094771,2013
891,경상남도,020. 공공질서 및 안전,023. 경찰,0,2013
892,경상남도,020. 공공질서 및 안전,025. 재난방재 및 민방위,147799135,2013
893,경상남도,050. 교육,051. 유아 및 초중등 교육,435468486,2013
894,경상남도,050. 교육,052. 고등교육,0,2013
895,경상남도,050. 교육,053. 평생 및 직업교육,12811993,2013
896,경상남도,060. 문화 및 관광,061. 문화예술,35632959,2013
897,경상남도,060. 문화 및 관광,062. 관광,76288094,2013
898,경상남도,060. 문화 및 관광,063. 체육,42061171,2013
899,경상남도,060. 문화 및 관광,064. 문화재,47813429,2013
900,경상남도,060. 문화 및 관광,065. 문화 및 관광 일반,0,2013
901,경상남도,070. 환경보호,071. 상하수도 및 수질,295981686,2013
902,경상남도,070. 환경보호,072. 폐기물,17966538,2013
903,경상남도,070. 환경보호,073. 대기,9877511,2013
904,경상남도,070. 환경보호,074. 자연,20092901,2013
905,경상남도,070. 환경보호,075. 해양,0,2013
906,경상남도,070. 환경보호,076. 환경보호 일반,2804598,2013
907,경상남도,080. 사회복지,081. 기초생활보장,823973851,2013
908,경상남도,080. 사회복지,082. 취약계층지원,154375219,2013
909,경상남도,080. 사회복지,"084. 보육, 가족 및 여성",428146896,2013
910,경상남도,080. 사회복지,085. 노인 및 청소년,378153501,2013
911,경상남도,080. 사회복지,086. 노동,18748159,2013
912,경상남도,080. 사회복지,087. 보훈,2321920,2013
913,경상남도,080. 사회복지,088. 주택,11609938,2013
914,경상남도,080. 사회복지,089. 사회복지일반,0,2013
915,경상남도,090. 보건,091. 보건의료,89157999,2013
916,경상남도,090. 보건,093. 식품의약안전,593609,2013
917,경상남도,100. 농림해양수산,101. 농업 및 농촌,468927327,2013
918,경상남도,100. 농림해양수산,102. 임업 및 산촌,162365043,2013
919,경상남도,100. 농림해양수산,103. 해양수산 및 어촌,99691375,2013
920,경상남도,110. 산업 및 중소기업,111. 산업금융지원,0,2013
921,경상남도,110. 산업 및 중소기업,112. 산업기술지원,15000,2013
922,경상남도,110. 산업 및 중소기업,113. 무역 및 투자유치,33575878,2013
923,경상남도,110. 산업 및 중소기업,114. 산업진흥 및 고도화,32283010,2013
924,경상남도,110. 산업 및 중소기업,115. 에너지 및 자원개발,9762978,2013
925,경상남도,110. 산업 및 중소기업,116. 산업 및 중소기업 일반,32268678,2013
926,경상남도,120. 수송 및 교통,121. 도로,242220304,2013
927,경상남도,120. 수송 및 교통,123. 도시철도,2091160,2013
928,경상남도,120. 수송 및 교통,124. 해운 및 항만,1107621,2013
929,경상남도,120. 수송 및 교통,125. 항공 및 공항,0,2013
930,경상남도,120. 수송 및 교통,"126. 대중교통, 물류 등 기타",47797451,2013
931,경상남도,140. 국토 및 지역개발,141. 수자원,318981651,2013
932,경상남도,140. 국토 및 지역개발,142. 지역 및 도시,109662617,2013
933,경상남도,140. 국토 및 지역개발,143. 산업단지,16372000,2013
934,경상남도,150. 과학기술,152. 과학기술연구지원,0,2013
935,경상남도,150. 과학기술,153. 과학기술일반,8268100,2013
936,경상남도,160. 예비비,161. 예비비,143530742,2013
937,경상남도,900. 기타,901. 기타,346816721,2013
938,경상북도,010. 일반공공행정,011. 입법 및 선거관리,8843845,2013
939,경상북도,010. 일반공공행정,013. 지방행정 및 재정지원,792224687,2013
940,경상북도,010. 일반공공행정,014. 재정 및 금융,172501000,2013
941,경상북도,010. 일반공공행정,016. 일반행정,131421238,2013
942,경상북도,020. 공공질서 및 안전,023. 경찰,0,2013
943,경상북도,020. 공공질서 및 안전,025. 재난방재 및 민방위,356708729,2013
944,경상북도,050. 교육,051. 유아 및 초중등 교육,5584000,2013
945,경상북도,050. 교육,052. 고등교육,4531498,2013
946,경상북도,050. 교육,053. 평생 및 직업교육,0,2013
947,경상북도,060. 문화 및 관광,061. 문화예술,45354485,2013
948,경상북도,060. 문화 및 관광,062. 관광,243861922,2013
949,경상북도,060. 문화 및 관광,063. 체육,42001295,2013
950,경상북도,060. 문화 및 관광,064. 문화재,77733064,2013
951,경상북도,060. 문화 및 관광,065. 문화 및 관광 일반,6941000,2013
952,경상북도,070. 환경보호,071. 상하수도 및 수질,381912840,2013
953,경상북도,070. 환경보호,072. 폐기물,16160875,2013
954,경상북도,070. 환경보호,073. 대기,13332529,2013
955,경상북도,070. 환경보호,074. 자연,17370677,2013
956,경상북도,070. 환경보호,075. 해양,12062648,2013
957,경상북도,070. 환경보호,076. 환경보호 일반,82718761,2013
958,경상북도,080. 사회복지,081. 기초생활보장,790817715,2013
959,경상북도,080. 사회복지,082. 취약계층지원,210445087,2013
960,경상북도,080. 사회복지,"084. 보육, 가족 및 여성",338351541,2013
961,경상북도,080. 사회복지,085. 노인 및 청소년,479604035,2013
962,경상북도,080. 사회복지,086. 노동,27739622,2013
963,경상북도,080. 사회복지,087. 보훈,0,2013
964,경상북도,080. 사회복지,088. 주택,0,2013
965,경상북도,080. 사회복지,089. 사회복지일반,0,2013
966,경상북도,090. 보건,091. 보건의료,78361739,2013
967,경상북도,090. 보건,093. 식품의약안전,1490699,2013
968,경상북도,100. 농림해양수산,101. 농업 및 농촌,644150094,2013
969,경상북도,100. 농림해양수산,102. 임업 및 산촌,202950867,2013
970,경상북도,100. 농림해양수산,103. 해양수산 및 어촌,70174565,2013
971,경상북도,110. 산업 및 중소기업,111. 산업금융지원,20788650,2013
972,경상북도,110. 산업 및 중소기업,112. 산업기술지원,0,2013
973,경상북도,110. 산업 및 중소기업,113. 무역 및 투자유치,28392697,2013
974,경상북도,110. 산업 및 중소기업,114. 산업진흥 및 고도화,62732400,2013
975,경상북도,110. 산업 및 중소기업,115. 에너지 및 자원개발,59367805,2013
976,경상북도,110. 산업 및 중소기업,116. 산업 및 중소기업 일반,0,2013
977,경상북도,120. 수송 및 교통,121. 도로,266563217,2013
978,경상북도,120. 수송 및 교통,123. 도시철도,21495000,2013
979,경상북도,120. 수송 및 교통,124. 해운 및 항만,0,2013
980,경상북도,120. 수송 및 교통,125. 항공 및 공항,0,2013
981,경상북도,120. 수송 및 교통,"126. 대중교통, 물류 등 기타",28528985,2013
982,경상북도,140. 국토 및 지역개발,141. 수자원,53007800,2013
983,경상북도,140. 국토 및 지역개발,142. 지역 및 도시,296049224,2013
984,경상북도,140. 국토 및 지역개발,143. 산업단지,20739300,2013
985,경상북도,150. 과학기술,152. 과학기술연구지원,0,2013
986,경상북도,150. 과학기술,153. 과학기술일반,14951200,2013
987,경상북도,160. 예비비,161. 예비비,68090000,2013
988,경상북도,900. 기타,901. 기타,365747665,2013
989,광주광역시,010. 일반공공행정,011. 입법 및 선거관리,3069574,2013
990,광주광역시,010. 일반공공행정,013. 지방행정 및 재정지원,242598404,2013
991,광주광역시,010. 일반공공행정,014. 재정 및 금융,135516935,2013
992,광주광역시,010. 일반공공행정,016. 일반행정,72962646,2013
993,광주광역시,020. 공공질서 및 안전,023. 경찰,0,2013
994,광주광역시,020. 공공질서 및 안전,025. 재난방재 및 민방위,31865086,2013
995,광주광역시,050. 교육,051. 유아 및 초중등 교육,233864032,2013
996,광주광역시,050. 교육,052. 고등교육,1690250,2013
997,광주광역시,050. 교육,053. 평생 및 직업교육,753162,2013
998,광주광역시,060. 문화 및 관광,061. 문화예술,72501210,2013
999,광주광역시,060. 문화 및 관광,062. 관광,7376330,2013
1000,광주광역시,060. 문화 및 관광,063. 체육,203996968,2013
1001,광주광역시,060. 문화 및 관광,064. 문화재,4462380,2013
1002,광주광역시,060. 문화 및 관광,065. 문화 및 관광 일반,34896928,2013
1003,광주광역시,070. 환경보호,071. 상하수도 및 수질,221458903,2013
1004,광주광역시,070. 환경보호,072. 폐기물,43827586,2013
1005,광주광역시,070. 환경보호,073. 대기,8572178,2013
1006,광주광역시,070. 환경보호,074. 자연,2518220,2013
1007,광주광역시,070. 환경보호,075. 해양,0,2013
1008,광주광역시,070. 환경보호,076. 환경보호 일반,3362713,2013
1009,광주광역시,080. 사회복지,081. 기초생활보장,472021167,2013
1010,광주광역시,080. 사회복지,082. 취약계층지원,90704263,2013
1011,광주광역시,080. 사회복지,"084. 보육, 가족 및 여성",279785397,2013
1012,광주광역시,080. 사회복지,085. 노인 및 청소년,158660824,2013
1013,광주광역시,080. 사회복지,086. 노동,26352984,2013
1014,광주광역시,080. 사회복지,087. 보훈,4434568,2013
1015,광주광역시,080. 사회복지,088. 주택,1966059,2013
1016,광주광역시,080. 사회복지,089. 사회복지일반,24718571,2013
1017,광주광역시,090. 보건,091. 보건의료,42369588,2013
1018,광주광역시,090. 보건,093. 식품의약안전,1203479,2013
1019,광주광역시,100. 농림해양수산,101. 농업 및 농촌,26724089,2013
1020,광주광역시,100. 농림해양수산,102. 임업 및 산촌,3438098,2013
1021,광주광역시,100. 농림해양수산,103. 해양수산 및 어촌,0,2013
1022,광주광역시,110. 산업 및 중소기업,111. 산업금융지원,45263587,2013
1023,광주광역시,110. 산업 및 중소기업,112. 산업기술지원,0,2013
1024,광주광역시,110. 산업 및 중소기업,113. 무역 및 투자유치,3499676,2013
1025,광주광역시,110. 산업 및 중소기업,114. 산업진흥 및 고도화,71267034,2013
1026,광주광역시,110. 산업 및 중소기업,115. 에너지 및 자원개발,10778572,2013
1027,광주광역시,110. 산업 및 중소기업,116. 산업 및 중소기업 일반,0,2013
1028,광주광역시,120. 수송 및 교통,121. 도로,150735736,2013
1029,광주광역시,120. 수송 및 교통,123. 도시철도,4413515,2013
1030,광주광역시,120. 수송 및 교통,124. 해운 및 항만,0,2013
1031,광주광역시,120. 수송 및 교통,125. 항공 및 공항,0,2013
1032,광주광역시,120. 수송 및 교통,"126. 대중교통, 물류 등 기타",215743784,2013
1033,광주광역시,140. 국토 및 지역개발,141. 수자원,24715429,2013
1034,광주광역시,140. 국토 및 지역개발,142. 지역 및 도시,136519319,2013
1035,광주광역시,140. 국토 및 지역개발,143. 산업단지,21017670,2013
1036,광주광역시,150. 과학기술,152. 과학기술연구지원,0,2013
1037,광주광역시,150. 과학기술,153. 과학기술일반,20908255,2013
1038,광주광역시,160. 예비비,161. 예비비,29953236,2013
1039,광주광역시,900. 기타,901. 기타,238798564,2013
1040,대구광역시,010. 일반공공행정,011. 입법 및 선거관리,3874041,2013
1041,대구광역시,010. 일반공공행정,013. 지방행정 및 재정지원,340705654,2013
1042,대구광역시,010. 일반공공행정,014. 재정 및 금융,398121404,2013
1043,대구광역시,010. 일반공공행정,016. 일반행정,67140776,2013
1044,대구광역시,020. 공공질서 및 안전,023. 경찰,0,2013
1045,대구광역시,020. 공공질서 및 안전,025. 재난방재 및 민방위,70956267,2013
1046,대구광역시,050. 교육,051. 유아 및 초중등 교육,395836814,2013
1047,대구광역시,050. 교육,052. 고등교육,0,2013
1048,대구광역시,050. 교육,053. 평생 및 직업교육,390650,2013
1049,대구광역시,060. 문화 및 관광,061. 문화예술,74311766,2013
1050,대구광역시,060. 문화 및 관광,062. 관광,9229150,2013
1051,대구광역시,060. 문화 및 관광,063. 체육,131676193,2013
1052,대구광역시,060. 문화 및 관광,064. 문화재,5156142,2013
1053,대구광역시,060. 문화 및 관광,065. 문화 및 관광 일반,0,2013
1054,대구광역시,070. 환경보호,071. 상하수도 및 수질,33832727,2013
1055,대구광역시,070. 환경보호,072. 폐기물,39234928,2013
1056,대구광역시,070. 환경보호,073. 대기,7629611,2013
1057,대구광역시,070. 환경보호,074. 자연,3142048,2013
1058,대구광역시,070. 환경보호,075. 해양,0,2013
1059,대구광역시,070. 환경보호,076. 환경보호 일반,6338000,2013
1060,대구광역시,080. 사회복지,081. 기초생활보장,688258695,2013
1061,대구광역시,080. 사회복지,082. 취약계층지원,185545964,2013
1062,대구광역시,080. 사회복지,"084. 보육, 가족 및 여성",384022051,2013
1063,대구광역시,080. 사회복지,085. 노인 및 청소년,283862998,2013
1064,대구광역시,080. 사회복지,086. 노동,30505188,2013
1065,대구광역시,080. 사회복지,087. 보훈,3990065,2013
1066,대구광역시,080. 사회복지,088. 주택,0,2013
1067,대구광역시,080. 사회복지,089. 사회복지일반,0,2013
1068,대구광역시,090. 보건,091. 보건의료,150021799,2013
1069,대구광역시,090. 보건,093. 식품의약안전,4434403,2013
1070,대구광역시,100. 농림해양수산,101. 농업 및 농촌,26939382,2013
1071,대구광역시,100. 농림해양수산,102. 임업 및 산촌,11326490,2013
1072,대구광역시,100. 농림해양수산,103. 해양수산 및 어촌,0,2013
1073,대구광역시,110. 산업 및 중소기업,111. 산업금융지원,74014307,2013
1074,대구광역시,110. 산업 및 중소기업,112. 산업기술지원,41413380,2013
1075,대구광역시,110. 산업 및 중소기업,113. 무역 및 투자유치,35012907,2013
1076,대구광역시,110. 산업 및 중소기업,114. 산업진흥 및 고도화,145425925,2013
1077,대구광역시,110. 산업 및 중소기업,115. 에너지 및 자원개발,9338330,2013
1078,대구광역시,110. 산업 및 중소기업,116. 산업 및 중소기업 일반,748658,2013
1079,대구광역시,120. 수송 및 교통,121. 도로,191293259,2013
1080,대구광역시,120. 수송 및 교통,123. 도시철도,365130102,2013
1081,대구광역시,120. 수송 및 교통,124. 해운 및 항만,0,2013
1082,대구광역시,120. 수송 및 교통,125. 항공 및 공항,3737530,2013
1083,대구광역시,120. 수송 및 교통,"126. 대중교통, 물류 등 기타",572698164,2013
1084,대구광역시,140. 국토 및 지역개발,141. 수자원,11786333,2013
1085,대구광역시,140. 국토 및 지역개발,142. 지역 및 도시,206721409,2013
1086,대구광역시,140. 국토 및 지역개발,143. 산업단지,13562966,2013
1087,대구광역시,150. 과학기술,152. 과학기술연구지원,83303460,2013
1088,대구광역시,150. 과학기술,153. 과학기술일반,0,2013
1089,대구광역시,160. 예비비,161. 예비비,46375154,2013
1090,대구광역시,900. 기타,901. 기타,356244910,2013
1091,대전광역시,010. 일반공공행정,011. 입법 및 선거관리,2966588,2013
1092,대전광역시,010. 일반공공행정,013. 지방행정 및 재정지원,256144592,2013
1093,대전광역시,010. 일반공공행정,014. 재정 및 금융,0,2013
1094,대전광역시,010. 일반공공행정,016. 일반행정,48625328,2013
1095,대전광역시,020. 공공질서 및 안전,023. 경찰,0,2013
1096,대전광역시,020. 공공질서 및 안전,025. 재난방재 및 민방위,25609464,2013
1097,대전광역시,050. 교육,051. 유아 및 초중등 교육,241013943,2013
1098,대전광역시,050. 교육,052. 고등교육,0,2013
1099,대전광역시,050. 교육,053. 평생 및 직업교육,7578429,2013
1100,대전광역시,060. 문화 및 관광,061. 문화예술,67493223,2013
1101,대전광역시,060. 문화 및 관광,062. 관광,27563067,2013
1102,대전광역시,060. 문화 및 관광,063. 체육,66265665,2013
1103,대전광역시,060. 문화 및 관광,064. 문화재,8240461,2013
1104,대전광역시,060. 문화 및 관광,065. 문화 및 관광 일반,6420,2013
1105,대전광역시,070. 환경보호,071. 상하수도 및 수질,4717283,2013
1106,대전광역시,070. 환경보호,072. 폐기물,49512936,2013
1107,대전광역시,070. 환경보호,073. 대기,0,2013
1108,대전광역시,070. 환경보호,074. 자연,7561008,2013
1109,대전광역시,070. 환경보호,075. 해양,0,2013
1110,대전광역시,070. 환경보호,076. 환경보호 일반,12824438,2013
1111,대전광역시,080. 사회복지,081. 기초생활보장,188076551,2013
1112,대전광역시,080. 사회복지,082. 취약계층지원,121286076,2013
1113,대전광역시,080. 사회복지,"084. 보육, 가족 및 여성",296983900,2013
1114,대전광역시,080. 사회복지,085. 노인 및 청소년,181469556,2013
1115,대전광역시,080. 사회복지,086. 노동,15571667,2013
1116,대전광역시,080. 사회복지,087. 보훈,3704424,2013
1117,대전광역시,080. 사회복지,088. 주택,0,2013
1118,대전광역시,080. 사회복지,089. 사회복지일반,21550129,2013
1119,대전광역시,090. 보건,091. 보건의료,37160679,2013
1120,대전광역시,090. 보건,093. 식품의약안전,727656,2013
1121,대전광역시,100. 농림해양수산,101. 농업 및 농촌,24836402,2013
1122,대전광역시,100. 농림해양수산,102. 임업 및 산촌,5256101,2013
1123,대전광역시,100. 농림해양수산,103. 해양수산 및 어촌,0,2013
1124,대전광역시,110. 산업 및 중소기업,111. 산업금융지원,0,2013
1125,대전광역시,110. 산업 및 중소기업,112. 산업기술지원,2418132,2013
1126,대전광역시,110. 산업 및 중소기업,113. 무역 및 투자유치,21645335,2013
1127,대전광역시,110. 산업 및 중소기업,114. 산업진흥 및 고도화,17450672,2013
1128,대전광역시,110. 산업 및 중소기업,115. 에너지 및 자원개발,722212,2013
1129,대전광역시,110. 산업 및 중소기업,116. 산업 및 중소기업 일반,10560868,2013
1130,대전광역시,120. 수송 및 교통,121. 도로,85921209,2013
1131,대전광역시,120. 수송 및 교통,123. 도시철도,30806986,2013
1132,대전광역시,120. 수송 및 교통,124. 해운 및 항만,0,2013
1133,대전광역시,120. 수송 및 교통,125. 항공 및 공항,0,2013
1134,대전광역시,120. 수송 및 교통,"126. 대중교통, 물류 등 기타",116709357,2013
1135,대전광역시,140. 국토 및 지역개발,141. 수자원,29823203,2013
1136,대전광역시,140. 국토 및 지역개발,142. 지역 및 도시,93216674,2013
1137,대전광역시,140. 국토 및 지역개발,143. 산업단지,657000,2013
1138,대전광역시,150. 과학기술,152. 과학기술연구지원,28701507,2013
1139,대전광역시,150. 과학기술,153. 과학기술일반,11077195,2013
1140,대전광역시,160. 예비비,161. 예비비,24480414,2013
1141,대전광역시,900. 기타,901. 기타,230050250,2013
1142,부산광역시,010. 일반공공행정,011. 입법 및 선거관리,6245305,2013
1143,부산광역시,010. 일반공공행정,013. 지방행정 및 재정지원,553181361,2013
1144,부산광역시,010. 일반공공행정,014. 재정 및 금융,0,2013
1145,부산광역시,010. 일반공공행정,016. 일반행정,297569527,2013
1146,부산광역시,020. 공공질서 및 안전,023. 경찰,0,2013
1147,부산광역시,020. 공공질서 및 안전,025. 재난방재 및 민방위,121982549,2013
1148,부산광역시,050. 교육,051. 유아 및 초중등 교육,563168990,2013
1149,부산광역시,050. 교육,052. 고등교육,0,2013
1150,부산광역시,050. 교육,053. 평생 및 직업교육,6721842,2013
1151,부산광역시,060. 문화 및 관광,061. 문화예술,112444392,2013
1152,부산광역시,060. 문화 및 관광,062. 관광,22182316,2013
1153,부산광역시,060. 문화 및 관광,063. 체육,118945451,2013
1154,부산광역시,060. 문화 및 관광,064. 문화재,23903505,2013
1155,부산광역시,060. 문화 및 관광,065. 문화 및 관광 일반,0,2013
1156,부산광역시,070. 환경보호,071. 상하수도 및 수질,19247004,2013
1157,부산광역시,070. 환경보호,072. 폐기물,73270245,2013
1158,부산광역시,070. 환경보호,073. 대기,18184602,2013
1159,부산광역시,070. 환경보호,074. 자연,3679290,2013
1160,부산광역시,070. 환경보호,075. 해양,0,2013
1161,부산광역시,070. 환경보호,076. 환경보호 일반,5602275,2013
1162,부산광역시,080. 사회복지,081. 기초생활보장,1142451916,2013
1163,부산광역시,080. 사회복지,082. 취약계층지원,420464877,2013
1164,부산광역시,080. 사회복지,"084. 보육, 가족 및 여성",408540900,2013
1165,부산광역시,080. 사회복지,085. 노인 및 청소년,467735438,2013
1166,부산광역시,080. 사회복지,086. 노동,39096663,2013
1167,부산광역시,080. 사회복지,087. 보훈,8074700,2013
1168,부산광역시,080. 사회복지,088. 주택,0,2013
1169,부산광역시,080. 사회복지,089. 사회복지일반,0,2013
1170,부산광역시,090. 보건,091. 보건의료,79089798,2013
1171,부산광역시,090. 보건,093. 식품의약안전,873864,2013
1172,부산광역시,100. 농림해양수산,101. 농업 및 농촌,27575812,2013
1173,부산광역시,100. 농림해양수산,102. 임업 및 산촌,48663334,2013
1174,부산광역시,100. 농림해양수산,103. 해양수산 및 어촌,110761337,2013
1175,부산광역시,110. 산업 및 중소기업,111. 산업금융지원,0,2013
1176,부산광역시,110. 산업 및 중소기업,112. 산업기술지원,29848600,2013
1177,부산광역시,110. 산업 및 중소기업,113. 무역 및 투자유치,102666509,2013
1178,부산광역시,110. 산업 및 중소기업,114. 산업진흥 및 고도화,95302051,2013
1179,부산광역시,110. 산업 및 중소기업,115. 에너지 및 자원개발,32921512,2013
1180,부산광역시,110. 산업 및 중소기업,116. 산업 및 중소기업 일반,0,2013
1181,부산광역시,120. 수송 및 교통,121. 도로,687072291,2013
1182,부산광역시,120. 수송 및 교통,123. 도시철도,637504814,2013
1183,부산광역시,120. 수송 및 교통,124. 해운 및 항만,0,2013
1184,부산광역시,120. 수송 및 교통,125. 항공 및 공항,0,2013
1185,부산광역시,120. 수송 및 교통,"126. 대중교통, 물류 등 기타",420210602,2013
1186,부산광역시,140. 국토 및 지역개발,141. 수자원,58669025,2013
1187,부산광역시,140. 국토 및 지역개발,142. 지역 및 도시,387752273,2013
1188,부산광역시,140. 국토 및 지역개발,143. 산업단지,15473545,2013
1189,부산광역시,150. 과학기술,152. 과학기술연구지원,0,2013
1190,부산광역시,150. 과학기술,153. 과학기술일반,0,2013
1191,부산광역시,160. 예비비,161. 예비비,67208404,2013
1192,부산광역시,900. 기타,901. 기타,437008172,2013
1193,서울특별시,010. 일반공공행정,011. 입법 및 선거관리,23312689,2013
1194,서울특별시,010. 일반공공행정,013. 지방행정 및 재정지원,3063409779,2013
1195,서울특별시,010. 일반공공행정,014. 재정 및 금융,187760096,2013
1196,서울특별시,010. 일반공공행정,016. 일반행정,502961118,2013
1197,서울특별시,020. 공공질서 및 안전,023. 경찰,1124761,2013
1198,서울특별시,020. 공공질서 및 안전,025. 재난방재 및 민방위,136723097,2013
1199,서울특별시,050. 교육,051. 유아 및 초중등 교육,2541323221,2013
1200,서울특별시,050. 교육,052. 고등교육,43072123,2013
1201,서울특별시,050. 교육,053. 평생 및 직업교육,6080888,2013
1202,서울특별시,060. 문화 및 관광,061. 문화예술,201037580,2013
1203,서울특별시,060. 문화 및 관광,062. 관광,41925605,2013
1204,서울특별시,060. 문화 및 관광,063. 체육,160476374,2013
1205,서울특별시,060. 문화 및 관광,064. 문화재,85242456,2013
1206,서울특별시,060. 문화 및 관광,065. 문화 및 관광 일반,0,2013
1207,서울특별시,070. 환경보호,071. 상하수도 및 수질,1245047836,2013
1208,서울특별시,070. 환경보호,072. 폐기물,127767082,2013
1209,서울특별시,070. 환경보호,073. 대기,380603744,2013
1210,서울특별시,070. 환경보호,074. 자연,45605260,2013
1211,서울특별시,070. 환경보호,075. 해양,0,2013
1212,서울특별시,070. 환경보호,076. 환경보호 일반,84585880,2013
1213,서울특별시,080. 사회복지,081. 기초생활보장,0,2013
1214,서울특별시,080. 사회복지,082. 취약계층지원,2706890988,2013
1215,서울특별시,080. 사회복지,"084. 보육, 가족 및 여성",1688189640,2013
1216,서울특별시,080. 사회복지,085. 노인 및 청소년,998627239,2013
1217,서울특별시,080. 사회복지,086. 노동,82301978,2013
1218,서울특별시,080. 사회복지,087. 보훈,0,2013
1219,서울특별시,080. 사회복지,088. 주택,1550423283,2013
1220,서울특별시,080. 사회복지,089. 사회복지일반,35504850,2013
1221,서울특별시,090. 보건,091. 보건의료,293452054,2013
1222,서울특별시,090. 보건,093. 식품의약안전,4716402,2013
1223,서울특별시,100. 농림해양수산,101. 농업 및 농촌,54331996,2013
1224,서울특별시,100. 농림해양수산,102. 임업 및 산촌,0,2013
1225,서울특별시,100. 농림해양수산,103. 해양수산 및 어촌,0,2013
1226,서울특별시,110. 산업 및 중소기업,111. 산업금융지원,0,2013
1227,서울특별시,110. 산업 및 중소기업,112. 산업기술지원,0,2013
1228,서울특별시,110. 산업 및 중소기업,113. 무역 및 투자유치,8048193,2013
1229,서울특별시,110. 산업 및 중소기업,114. 산업진흥 및 고도화,199131968,2013
1230,서울특별시,110. 산업 및 중소기업,116. 산업 및 중소기업 일반,43739272,2013
1231,서울특별시,120. 수송 및 교통,121. 도로,875370152,2013
1232,서울특별시,120. 수송 및 교통,123. 도시철도,458968573,2013
1233,서울특별시,120. 수송 및 교통,124. 해운 및 항만,0,2013
1234,서울특별시,120. 수송 및 교통,125. 항공 및 공항,0,2013
1235,서울특별시,120. 수송 및 교통,"126. 대중교통, 물류 등 기타",2543772682,2013
1236,서울특별시,140. 국토 및 지역개발,141. 수자원,1929883628,2013
1237,서울특별시,140. 국토 및 지역개발,142. 지역 및 도시,1625445658,2013
1238,서울특별시,140. 국토 및 지역개발,143. 산업단지,50372096,2013
1239,서울특별시,150. 과학기술,152. 과학기술연구지원,0,2013
1240,서울특별시,150. 과학기술,153. 과학기술일반,0,2013
1241,서울특별시,160. 예비비,161. 예비비,94135188,2013
1242,서울특별시,900. 기타,901. 기타,1343496914,2013
1243,울산광역시,010. 일반공공행정,011. 입법 및 선거관리,3564384,2013
1244,울산광역시,010. 일반공공행정,013. 지방행정 및 재정지원,247850241,2013
1245,울산광역시,010. 일반공공행정,014. 재정 및 금융,191928449,2013
1246,울산광역시,010. 일반공공행정,016. 일반행정,51003086,2013
1247,울산광역시,020. 공공질서 및 안전,023. 경찰,0,2013
1248,울산광역시,020. 공공질서 및 안전,025. 재난방재 및 민방위,38198302,2013
1249,울산광역시,050. 교육,051. 유아 및 초중등 교육,197647171,2013
1250,울산광역시,050. 교육,052. 고등교육,10283352,2013
1251,울산광역시,050. 교육,053. 평생 및 직업교육,1120652,2013
1252,울산광역시,060. 문화 및 관광,061. 문화예술,30248380,2013
1253,울산광역시,060. 문화 및 관광,062. 관광,12441564,2013
1254,울산광역시,060. 문화 및 관광,063. 체육,50704708,2013
1255,울산광역시,060. 문화 및 관광,064. 문화재,18414706,2013
1256,울산광역시,060. 문화 및 관광,065. 문화 및 관광 일반,0,2013
1257,울산광역시,070. 환경보호,071. 상하수도 및 수질,241200687,2013
1258,울산광역시,070. 환경보호,072. 폐기물,37017917,2013
1259,울산광역시,070. 환경보호,073. 대기,11602765,2013
1260,울산광역시,070. 환경보호,074. 자연,973392,2013
1261,울산광역시,070. 환경보호,075. 해양,0,2013
1262,울산광역시,070. 환경보호,076. 환경보호 일반,12033824,2013
1263,울산광역시,080. 사회복지,081. 기초생활보장,163860905,2013
1264,울산광역시,080. 사회복지,082. 취약계층지원,75677983,2013
1265,울산광역시,080. 사회복지,"084. 보육, 가족 및 여성",181317900,2013
1266,울산광역시,080. 사회복지,085. 노인 및 청소년,90247721,2013
1267,울산광역시,080. 사회복지,086. 노동,13459826,2013
1268,울산광역시,080. 사회복지,087. 보훈,1722765,2013
1269,울산광역시,080. 사회복지,088. 주택,0,2013
1270,울산광역시,080. 사회복지,089. 사회복지일반,0,2013
1271,울산광역시,090. 보건,091. 보건의료,17221359,2013
1272,울산광역시,090. 보건,093. 식품의약안전,1272008,2013
1273,울산광역시,100. 농림해양수산,101. 농업 및 농촌,31966928,2013
1274,울산광역시,100. 농림해양수산,102. 임업 및 산촌,14540337,2013
1275,울산광역시,100. 농림해양수산,103. 해양수산 및 어촌,14025655,2013
1276,울산광역시,110. 산업 및 중소기업,111. 산업금융지원,12413035,2013
1277,울산광역시,110. 산업 및 중소기업,112. 산업기술지원,0,2013
1278,울산광역시,110. 산업 및 중소기업,113. 무역 및 투자유치,9074818,2013
1279,울산광역시,110. 산업 및 중소기업,114. 산업진흥 및 고도화,43015931,2013
1280,울산광역시,110. 산업 및 중소기업,115. 에너지 및 자원개발,1122905,2013
1281,울산광역시,110. 산업 및 중소기업,116. 산업 및 중소기업 일반,1274439,2013
1282,울산광역시,120. 수송 및 교통,121. 도로,206403976,2013
1283,울산광역시,120. 수송 및 교통,123. 도시철도,0,2013
1284,울산광역시,120. 수송 및 교통,124. 해운 및 항만,16095,2013
1285,울산광역시,120. 수송 및 교통,125. 항공 및 공항,0,2013
1286,울산광역시,120. 수송 및 교통,"126. 대중교통, 물류 등 기타",95471145,2013
1287,울산광역시,140. 국토 및 지역개발,141. 수자원,21786600,2013
1288,울산광역시,140. 국토 및 지역개발,142. 지역 및 도시,68010353,2013
1289,울산광역시,140. 국토 및 지역개발,143. 산업단지,156351070,2013
1290,울산광역시,150. 과학기술,152. 과학기술연구지원,0,2013
1291,울산광역시,150. 과학기술,153. 과학기술일반,0,2013
1292,울산광역시,160. 예비비,161. 예비비,19201254,2013
1293,울산광역시,900. 기타,901. 기타,150110415,2013
1294,인천광역시,010. 일반공공행정,011. 입법 및 선거관리,5970891,2013
1295,인천광역시,010. 일반공공행정,013. 지방행정 및 재정지원,458248216,2013
1296,인천광역시,010. 일반공공행정,014. 재정 및 금융,341101370,2013
1297,인천광역시,010. 일반공공행정,016. 일반행정,75357644,2013
1298,인천광역시,020. 공공질서 및 안전,023. 경찰,0,2013
1299,인천광역시,020. 공공질서 및 안전,025. 재난방재 및 민방위,34476046,2013
1300,인천광역시,050. 교육,051. 유아 및 초중등 교육,498374021,2013
1301,인천광역시,050. 교육,052. 고등교육,30006659,2013
1302,인천광역시,050. 교육,053. 평생 및 직업교육,1645567,2013
1303,인천광역시,060. 문화 및 관광,061. 문화예술,53771201,2013
1304,인천광역시,060. 문화 및 관광,062. 관광,8663671,2013
1305,인천광역시,060. 문화 및 관광,063. 체육,601992192,2013
1306,인천광역시,060. 문화 및 관광,064. 문화재,20331633,2013
1307,인천광역시,060. 문화 및 관광,065. 문화 및 관광 일반,0,2013
1308,인천광역시,070. 환경보호,071. 상하수도 및 수질,374981529,2013
1309,인천광역시,070. 환경보호,072. 폐기물,63152167,2013
1310,인천광역시,070. 환경보호,073. 대기,30478165,2013
1311,인천광역시,070. 환경보호,074. 자연,1576825,2013
1312,인천광역시,070. 환경보호,075. 해양,9905906,2013
1313,인천광역시,070. 환경보호,076. 환경보호 일반,9428616,2013
1314,인천광역시,080. 사회복지,081. 기초생활보장,592578638,2013
1315,인천광역시,080. 사회복지,082. 취약계층지원,129966632,2013
1316,인천광역시,080. 사회복지,"084. 보육, 가족 및 여성",464689851,2013
1317,인천광역시,080. 사회복지,085. 노인 및 청소년,317245392,2013
1318,인천광역시,080. 사회복지,086. 노동,20299033,2013
1319,인천광역시,080. 사회복지,087. 보훈,14121643,2013
1320,인천광역시,080. 사회복지,088. 주택,12895243,2013
1321,인천광역시,080. 사회복지,089. 사회복지일반,32670283,2013
1322,인천광역시,090. 보건,091. 보건의료,108084982,2013
1323,인천광역시,090. 보건,093. 식품의약안전,1681962,2013
1324,인천광역시,100. 농림해양수산,101. 농업 및 농촌,63605537,2013
1325,인천광역시,100. 농림해양수산,102. 임업 및 산촌,13918719,2013
1326,인천광역시,100. 농림해양수산,103. 해양수산 및 어촌,27135091,2013
1327,인천광역시,110. 산업 및 중소기업,111. 산업금융지원,0,2013
1328,인천광역시,110. 산업 및 중소기업,112. 산업기술지원,0,2013
1329,인천광역시,110. 산업 및 중소기업,113. 무역 및 투자유치,9421443,2013
1330,인천광역시,110. 산업 및 중소기업,114. 산업진흥 및 고도화,44907229,2013
1331,인천광역시,110. 산업 및 중소기업,115. 에너지 및 자원개발,8532293,2013
1332,인천광역시,110. 산업 및 중소기업,116. 산업 및 중소기업 일반,24314909,2013
1333,인천광역시,120. 수송 및 교통,121. 도로,250627555,2013
1334,인천광역시,120. 수송 및 교통,123. 도시철도,270115075,2013
1335,인천광역시,120. 수송 및 교통,124. 해운 및 항만,0,2013
1336,인천광역시,120. 수송 및 교통,125. 항공 및 공항,0,2013
1337,인천광역시,120. 수송 및 교통,"126. 대중교통, 물류 등 기타",550803868,2013
1338,인천광역시,140. 국토 및 지역개발,141. 수자원,31690659,2013
1339,인천광역시,140. 국토 및 지역개발,142. 지역 및 도시,856305636,2013
1340,인천광역시,140. 국토 및 지역개발,143. 산업단지,0,2013
1341,인천광역시,150. 과학기술,152. 과학기술연구지원,0,2013
1342,인천광역시,150. 과학기술,153. 과학기술일반,16943304,2013
1343,인천광역시,160. 예비비,161. 예비비,48840119,2013
1344,인천광역시,900. 기타,901. 기타,445989645,2013
1345,전라남도,010. 일반공공행정,011. 입법 및 선거관리,5897245,2013
1346,전라남도,010. 일반공공행정,013. 지방행정 및 재정지원,249743057,2013
1347,전라남도,010. 일반공공행정,014. 재정 및 금융,0,2013
1348,전라남도,010. 일반공공행정,016. 일반행정,192033950,2013
1349,전라남도,020. 공공질서 및 안전,023. 경찰,0,2013
1350,전라남도,020. 공공질서 및 안전,025. 재난방재 및 민방위,244056515,2013
1351,전라남도,050. 교육,051. 유아 및 초중등 교육,133000000,2013
1352,전라남도,050. 교육,052. 고등교육,28830990,2013
1353,전라남도,050. 교육,053. 평생 및 직업교육,0,2013
1354,전라남도,060. 문화 및 관광,061. 문화예술,40977250,2013
1355,전라남도,060. 문화 및 관광,062. 관광,170889387,2013
1356,전라남도,060. 문화 및 관광,063. 체육,46816683,2013
1357,전라남도,060. 문화 및 관광,064. 문화재,53154988,2013
1358,전라남도,060. 문화 및 관광,065. 문화 및 관광 일반,8021187,2013
1359,전라남도,070. 환경보호,071. 상하수도 및 수질,328484660,2013
1360,전라남도,070. 환경보호,072. 폐기물,30953100,2013
1361,전라남도,070. 환경보호,073. 대기,5533209,2013
1362,전라남도,070. 환경보호,074. 자연,11403361,2013
1363,전라남도,070. 환경보호,075. 해양,25800302,2013
1364,전라남도,070. 환경보호,076. 환경보호 일반,5866500,2013
1365,전라남도,080. 사회복지,081. 기초생활보장,264271174,2013
1366,전라남도,080. 사회복지,082. 취약계층지원,158519694,2013
1367,전라남도,080. 사회복지,"084. 보육, 가족 및 여성",306744870,2013
1368,전라남도,080. 사회복지,085. 노인 및 청소년,399764300,2013
1369,전라남도,080. 사회복지,086. 노동,0,2013
1370,전라남도,080. 사회복지,087. 보훈,421400,2013
1371,전라남도,080. 사회복지,088. 주택,0,2013
1372,전라남도,080. 사회복지,089. 사회복지일반,24576956,2013
1373,전라남도,090. 보건,091. 보건의료,66916458,2013
1374,전라남도,090. 보건,093. 식품의약안전,0,2013
1375,전라남도,100. 농림해양수산,101. 농업 및 농촌,722664305,2013
1376,전라남도,100. 농림해양수산,102. 임업 및 산촌,184141402,2013
1377,전라남도,100. 농림해양수산,103. 해양수산 및 어촌,120821953,2013
1378,전라남도,110. 산업 및 중소기업,111. 산업금융지원,0,2013
1379,전라남도,110. 산업 및 중소기업,112. 산업기술지원,4520500,2013
1380,전라남도,110. 산업 및 중소기업,113. 무역 및 투자유치,11526120,2013
1381,전라남도,110. 산업 및 중소기업,114. 산업진흥 및 고도화,6081000,2013
1382,전라남도,110. 산업 및 중소기업,115. 에너지 및 자원개발,16599764,2013
1383,전라남도,110. 산업 및 중소기업,116. 산업 및 중소기업 일반,39918327,2013
1384,전라남도,120. 수송 및 교통,121. 도로,224155001,2013
1385,전라남도,120. 수송 및 교통,123. 도시철도,0,2013
1386,전라남도,120. 수송 및 교통,124. 해운 및 항만,16018903,2013
1387,전라남도,120. 수송 및 교통,125. 항공 및 공항,0,2013
1388,전라남도,120. 수송 및 교통,"126. 대중교통, 물류 등 기타",26867773,2013
1389,전라남도,140. 국토 및 지역개발,141. 수자원,85018831,2013
1390,전라남도,140. 국토 및 지역개발,142. 지역 및 도시,228041610,2013
1391,전라남도,140. 국토 및 지역개발,143. 산업단지,0,2013
1392,전라남도,150. 과학기술,152. 과학기술연구지원,1140040,2013
1393,전라남도,150. 과학기술,153. 과학기술일반,0,2013
1394,전라남도,160. 예비비,161. 예비비,55497014,2013
1395,전라남도,900. 기타,901. 기타,311393059,2013
1396,전라북도,010. 일반공공행정,011. 입법 및 선거관리,4605539,2013
1397,전라북도,010. 일반공공행정,013. 지방행정 및 재정지원,217346184,2013
1398,전라북도,010. 일반공공행정,014. 재정 및 금융,42404854,2013
1399,전라북도,010. 일반공공행정,016. 일반행정,91800691,2013
1400,전라북도,020. 공공질서 및 안전,023. 경찰,0,2013
1401,전라북도,020. 공공질서 및 안전,025. 재난방재 및 민방위,119496696,2013
1402,전라북도,050. 교육,051. 유아 및 초중등 교육,192812634,2013
1403,전라북도,050. 교육,052. 고등교육,105800,2013
1404,전라북도,050. 교육,053. 평생 및 직업교육,5603873,2013
1405,전라북도,060. 문화 및 관광,061. 문화예술,43865812,2013
1406,전라북도,060. 문화 및 관광,062. 관광,36325932,2013
1407,전라북도,060. 문화 및 관광,063. 체육,45500765,2013
1408,전라북도,060. 문화 및 관광,064. 문화재,28900221,2013
1409,전라북도,060. 문화 및 관광,065. 문화 및 관광 일반,43995981,2013
1410,전라북도,070. 환경보호,071. 상하수도 및 수질,344631447,2013
1411,전라북도,070. 환경보호,072. 폐기물,11786659,2013
1412,전라북도,070. 환경보호,073. 대기,5746019,2013
1413,전라북도,070. 환경보호,074. 자연,4061199,2013
1414,전라북도,070. 환경보호,075. 해양,0,2013
1415,전라북도,070. 환경보호,076. 환경보호 일반,752800,2013
1416,전라북도,080. 사회복지,081. 기초생활보장,737952641,2013
1417,전라북도,080. 사회복지,082. 취약계층지원,128522397,2013
1418,전라북도,080. 사회복지,"084. 보육, 가족 및 여성",270953368,2013
1419,전라북도,080. 사회복지,085. 노인 및 청소년,298282614,2013
1420,전라북도,080. 사회복지,086. 노동,11264202,2013
1421,전라북도,080. 사회복지,087. 보훈,503000,2013
1422,전라북도,080. 사회복지,088. 주택,0,2013
1423,전라북도,080. 사회복지,089. 사회복지일반,17996716,2013
1424,전라북도,090. 보건,091. 보건의료,60387667,2013
1425,전라북도,090. 보건,093. 식품의약안전,886889,2013
1426,전라북도,100. 농림해양수산,101. 농업 및 농촌,583928967,2013
1427,전라북도,100. 농림해양수산,102. 임업 및 산촌,103274285,2013
1428,전라북도,100. 농림해양수산,103. 해양수산 및 어촌,36436919,2013
1429,전라북도,110. 산업 및 중소기업,111. 산업금융지원,0,2013
1430,전라북도,110. 산업 및 중소기업,112. 산업기술지원,9805000,2013
1431,전라북도,110. 산업 및 중소기업,113. 무역 및 투자유치,33356028,2013
1432,전라북도,110. 산업 및 중소기업,114. 산업진흥 및 고도화,44681381,2013
1433,전라북도,110. 산업 및 중소기업,115. 에너지 및 자원개발,10563285,2013
1434,전라북도,110. 산업 및 중소기업,116. 산업 및 중소기업 일반,22548800,2013
1435,전라북도,120. 수송 및 교통,121. 도로,121415256,2013
1436,전라북도,120. 수송 및 교통,123. 도시철도,0,2013
1437,전라북도,120. 수송 및 교통,124. 해운 및 항만,1231120,2013
1438,전라북도,120. 수송 및 교통,125. 항공 및 공항,198000,2013
1439,전라북도,120. 수송 및 교통,"126. 대중교통, 물류 등 기타",30210555,2013
1440,전라북도,140. 국토 및 지역개발,141. 수자원,153464900,2013
1441,전라북도,140. 국토 및 지역개발,142. 지역 및 도시,125726300,2013
1442,전라북도,140. 국토 및 지역개발,143. 산업단지,22841346,2013
1443,전라북도,150. 과학기술,152. 과학기술연구지원,15564500,2013
1444,전라북도,150. 과학기술,153. 과학기술일반,0,2013
1445,전라북도,160. 예비비,161. 예비비,43390838,2013
1446,전라북도,900. 기타,901. 기타,272587713,2013
1447,제주도,010. 일반공공행정,011. 입법 및 선거관리,7157723,2013
1448,제주도,010. 일반공공행정,013. 지방행정 및 재정지원,278371358,2013
1449,제주도,010. 일반공공행정,014. 재정 및 금융,0,2013
1450,제주도,010. 일반공공행정,016. 일반행정,154751546,2013
1451,제주도,020. 공공질서 및 안전,023. 경찰,1211676,2013
1452,제주도,020. 공공질서 및 안전,025. 재난방재 및 민방위,129632976,2013
1453,제주도,050. 교육,051. 유아 및 초중등 교육,43459106,2013
1454,제주도,050. 교육,052. 고등교육,738000,2013
1455,제주도,050. 교육,053. 평생 및 직업교육,2988919,2013
1456,제주도,060. 문화 및 관광,061. 문화예술,71419285,2013
1457,제주도,060. 문화 및 관광,062. 관광,29684687,2013
1458,제주도,060. 문화 및 관광,063. 체육,66707056,2013
1459,제주도,060. 문화 및 관광,064. 문화재,23129779,2013
1460,제주도,060. 문화 및 관광,065. 문화 및 관광 일반,19198434,2013
1461,제주도,070. 환경보호,071. 상하수도 및 수질,265651297,2013
1462,제주도,070. 환경보호,072. 폐기물,46064470,2013
1463,제주도,070. 환경보호,073. 대기,2167388,2013
1464,제주도,070. 환경보호,074. 자연,16804989,2013
1465,제주도,070. 환경보호,075. 해양,12645933,2013
1466,제주도,070. 환경보호,076. 환경보호 일반,4408418,2013
1467,제주도,080. 사회복지,081. 기초생활보장,165576353,2013
1468,제주도,080. 사회복지,082. 취약계층지원,91379097,2013
1469,제주도,080. 사회복지,"084. 보육, 가족 및 여성",246504570,2013
1470,제주도,080. 사회복지,085. 노인 및 청소년,121083464,2013
1471,제주도,080. 사회복지,086. 노동,13456985,2013
1472,제주도,080. 사회복지,087. 보훈,5015490,2013
1473,제주도,080. 사회복지,088. 주택,2176705,2013
1474,제주도,080. 사회복지,089. 사회복지일반,2592619,2013
1475,제주도,090. 보건,091. 보건의료,33645450,2013
1476,제주도,090. 보건,093. 식품의약안전,986376,2013
1477,제주도,100. 농림해양수산,101. 농업 및 농촌,326824758,2013
1478,제주도,100. 농림해양수산,102. 임업 및 산촌,21328262,2013
1479,제주도,100. 농림해양수산,103. 해양수산 및 어촌,88764662,2013
1480,제주도,110. 산업 및 중소기업,111. 산업금융지원,0,2013
1481,제주도,110. 산업 및 중소기업,112. 산업기술지원,0,2013
1482,제주도,110. 산업 및 중소기업,113. 무역 및 투자유치,12423586,2013
1483,제주도,110. 산업 및 중소기업,114. 산업진흥 및 고도화,32159889,2013
1484,제주도,110. 산업 및 중소기업,115. 에너지 및 자원개발,20750711,2013
1485,제주도,110. 산업 및 중소기업,116. 산업 및 중소기업 일반,23978390,2013
1486,제주도,120. 수송 및 교통,121. 도로,170367169,2013
1487,제주도,120. 수송 및 교통,123. 도시철도,0,2013
1488,제주도,120. 수송 및 교통,124. 해운 및 항만,103746730,2013
1489,제주도,120. 수송 및 교통,125. 항공 및 공항,309080,2013
1490,제주도,120. 수송 및 교통,"126. 대중교통, 물류 등 기타",84614920,2013
1491,제주도,140. 국토 및 지역개발,141. 수자원,0,2013
1492,제주도,140. 국토 및 지역개발,142. 지역 및 도시,131559294,2013
1493,제주도,140. 국토 및 지역개발,143. 산업단지,0,2013
1494,제주도,150. 과학기술,152. 과학기술연구지원,0,2013
1495,제주도,150. 과학기술,153. 과학기술일반,1692332,2013
1496,제주도,160. 예비비,161. 예비비,25657402,2013
1497,제주도,900. 기타,901. 기타,463897828,2013
1498,충청남도,010. 일반공공행정,011. 입법 및 선거관리,4223867,2013
1499,충청남도,010. 일반공공행정,013. 지방행정 및 재정지원,274333907,2013
1500,충청남도,010. 일반공공행정,014. 재정 및 금융,282500000,2013
1501,충청남도,010. 일반공공행정,016. 일반행정,63758390,2013
1502,충청남도,020. 공공질서 및 안전,023. 경찰,0,2013
1503,충청남도,020. 공공질서 및 안전,025. 재난방재 및 민방위,246935853,2013
1504,충청남도,050. 교육,051. 유아 및 초중등 교육,231599748,2013
1505,충청남도,050. 교육,052. 고등교육,15894891,2013
1506,충청남도,050. 교육,053. 평생 및 직업교육,5150854,2013
1507,충청남도,060. 문화 및 관광,061. 문화예술,63795973,2013
1508,충청남도,060. 문화 및 관광,062. 관광,21646750,2013
1509,충청남도,060. 문화 및 관광,063. 체육,52979355,2013
1510,충청남도,060. 문화 및 관광,064. 문화재,0,2013
1511,충청남도,060. 문화 및 관광,065. 문화 및 관광 일반,0,2013
1512,충청남도,070. 환경보호,071. 상하수도 및 수질,318162543,2013
1513,충청남도,070. 환경보호,072. 폐기물,10966700,2013
1514,충청남도,070. 환경보호,073. 대기,4022850,2013
1515,충청남도,070. 환경보호,074. 자연,3824100,2013
1516,충청남도,070. 환경보호,075. 해양,0,2013
1517,충청남도,070. 환경보호,076. 환경보호 일반,6831575,2013
1518,충청남도,080. 사회복지,081. 기초생활보장,471087892,2013
1519,충청남도,080. 사회복지,082. 취약계층지원,122030641,2013
1520,충청남도,080. 사회복지,"084. 보육, 가족 및 여성",268069427,2013
1521,충청남도,080. 사회복지,085. 노인 및 청소년,274608092,2013
1522,충청남도,080. 사회복지,086. 노동,9660587,2013
1523,충청남도,080. 사회복지,087. 보훈,2618037,2013
1524,충청남도,080. 사회복지,088. 주택,5011500,2013
1525,충청남도,080. 사회복지,089. 사회복지일반,11416406,2013
1526,충청남도,090. 보건,091. 보건의료,70290513,2013
1527,충청남도,090. 보건,093. 식품의약안전,4481232,2013
1528,충청남도,100. 농림해양수산,101. 농업 및 농촌,594590690,2013
1529,충청남도,100. 농림해양수산,102. 임업 및 산촌,126563545,2013
1530,충청남도,100. 농림해양수산,103. 해양수산 및 어촌,66260697,2013
1531,충청남도,110. 산업 및 중소기업,111. 산업금융지원,35213500,2013
1532,충청남도,110. 산업 및 중소기업,112. 산업기술지원,5205000,2013
1533,충청남도,110. 산업 및 중소기업,113. 무역 및 투자유치,8371100,2013
1534,충청남도,110. 산업 및 중소기업,114. 산업진흥 및 고도화,21942489,2013
1535,충청남도,110. 산업 및 중소기업,115. 에너지 및 자원개발,7363000,2013
1536,충청남도,110. 산업 및 중소기업,116. 산업 및 중소기업 일반,1465550,2013
1537,충청남도,120. 수송 및 교통,121. 도로,172672085,2013
1538,충청남도,120. 수송 및 교통,123. 도시철도,0,2013
1539,충청남도,120. 수송 및 교통,124. 해운 및 항만,0,2013
1540,충청남도,120. 수송 및 교통,125. 항공 및 공항,0,2013
1541,충청남도,120. 수송 및 교통,"126. 대중교통, 물류 등 기타",49503428,2013
1542,충청남도,140. 국토 및 지역개발,141. 수자원,23296000,2013
1543,충청남도,140. 국토 및 지역개발,142. 지역 및 도시,259068571,2013
1544,충청남도,140. 국토 및 지역개발,143. 산업단지,36833000,2013
1545,충청남도,150. 과학기술,152. 과학기술연구지원,120000,2013
1546,충청남도,150. 과학기술,153. 과학기술일반,6534850,2013
1547,충청남도,160. 예비비,161. 예비비,47331032,2013
1548,충청남도,900. 기타,901. 기타,278463780,2013
1549,충청북도,010. 일반공공행정,011. 입법 및 선거관리,4946456,2013
1550,충청북도,010. 일반공공행정,013. 지방행정 및 재정지원,441269793,2013
1551,충청북도,010. 일반공공행정,014. 재정 및 금융,0,2013
1552,충청북도,010. 일반공공행정,016. 일반행정,41122882,2013
1553,충청북도,020. 공공질서 및 안전,023. 경찰,0,2013
1554,충청북도,020. 공공질서 및 안전,025. 재난방재 및 민방위,205739336,2013
1555,충청북도,050. 교육,051. 유아 및 초중등 교육,146134600,2013
1556,충청북도,050. 교육,052. 고등교육,29444487,2013
1557,충청북도,050. 교육,053. 평생 및 직업교육,300000,2013
1558,충청북도,060. 문화 및 관광,061. 문화예술,21612994,2013
1559,충청북도,060. 문화 및 관광,062. 관광,26487758,2013
1560,충청북도,060. 문화 및 관광,063. 체육,36071655,2013
1561,충청북도,060. 문화 및 관광,064. 문화재,15060188,2013
1562,충청북도,060. 문화 및 관광,065. 문화 및 관광 일반,0,2013
1563,충청북도,070. 환경보호,071. 상하수도 및 수질,177828106,2013
1564,충청북도,070. 환경보호,072. 폐기물,17360535,2013
1565,충청북도,070. 환경보호,073. 대기,8056518,2013
1566,충청북도,070. 환경보호,074. 자연,4656620,2013
1567,충청북도,070. 환경보호,075. 해양,0,2013
1568,충청북도,070. 환경보호,076. 환경보호 일반,0,2013
1569,충청북도,080. 사회복지,081. 기초생활보장,403549651,2013
1570,충청북도,080. 사회복지,082. 취약계층지원,121720492,2013
1571,충청북도,080. 사회복지,"084. 보육, 가족 및 여성",225389521,2013
1572,충청북도,080. 사회복지,085. 노인 및 청소년,205395133,2013
1573,충청북도,080. 사회복지,086. 노동,14060353,2013
1574,충청북도,080. 사회복지,087. 보훈,508300,2013
1575,충청북도,080. 사회복지,088. 주택,11402648,2013
1576,충청북도,080. 사회복지,089. 사회복지일반,17600000,2013
1577,충청북도,090. 보건,091. 보건의료,64338513,2013
1578,충청북도,090. 보건,093. 식품의약안전,10336938,2013
1579,충청북도,100. 농림해양수산,101. 농업 및 농촌,305863288,2013
1580,충청북도,100. 농림해양수산,102. 임업 및 산촌,80868991,2013
1581,충청북도,100. 농림해양수산,103. 해양수산 및 어촌,5298802,2013
1582,충청북도,110. 산업 및 중소기업,111. 산업금융지원,7748500,2013
1583,충청북도,110. 산업 및 중소기업,112. 산업기술지원,4679450,2013
1584,충청북도,110. 산업 및 중소기업,113. 무역 및 투자유치,27304628,2013
1585,충청북도,110. 산업 및 중소기업,114. 산업진흥 및 고도화,52060349,2013
1586,충청북도,110. 산업 및 중소기업,115. 에너지 및 자원개발,2596887,2013
1587,충청북도,110. 산업 및 중소기업,116. 산업 및 중소기업 일반,0,2013
1588,충청북도,120. 수송 및 교통,121. 도로,194053217,2013
1589,충청북도,120. 수송 및 교통,123. 도시철도,0,2013
1590,충청북도,120. 수송 및 교통,124. 해운 및 항만,0,2013
1591,충청북도,120. 수송 및 교통,125. 항공 및 공항,1380000,2013
1592,충청북도,120. 수송 및 교통,"126. 대중교통, 물류 등 기타",19230104,2013
1593,충청북도,140. 국토 및 지역개발,141. 수자원,0,2013
1594,충청북도,140. 국토 및 지역개발,142. 지역 및 도시,65555698,2013
1595,충청북도,140. 국토 및 지역개발,143. 산업단지,55748044,2013
1596,충청북도,150. 과학기술,152. 과학기술연구지원,0,2013
1597,충청북도,150. 과학기술,153. 과학기술일반,0,2013
1598,충청북도,160. 예비비,161. 예비비,39826242,2013
1599,충청북도,900. 기타,901. 기타,225473121,2013
1600,부산광역시,010. 일반공공행정,011. 입법 및 선거관리,26127910,2014
1601,부산광역시,010. 일반공공행정,013. 지방행정 및 재정지원,555871253,2014
1602,부산광역시,010. 일반공공행정,014. 재정 및 금융,0,2014
1603,부산광역시,010. 일반공공행정,016. 일반행정,350886789,2014
1604,부산광역시,020. 공공질서 및 안전,023. 경찰,0,2014
1605,부산광역시,020. 공공질서 및 안전,025. 재난방재 및 민방위,126125391,2014
1606,부산광역시,050. 교육,051. 유아 및 초중등 교육,558795590,2014
1607,부산광역시,050. 교육,052. 고등교육,0,2014
1608,부산광역시,050. 교육,053. 평생 및 직업교육,11072785,2014
1609,부산광역시,060. 문화 및 관광,061. 문화예술,132121632,2014
1610,부산광역시,060. 문화 및 관광,062. 관광,19353115,2014
1611,부산광역시,060. 문화 및 관광,063. 체육,113182053,2014
1612,부산광역시,060. 문화 및 관광,064. 문화재,27978678,2014
1613,부산광역시,060. 문화 및 관광,065. 문화 및 관광 일반,0,2014
1614,부산광역시,070. 환경보호,071. 상하수도 및 수질,15005916,2014
1615,부산광역시,070. 환경보호,072. 폐기물,33652756,2014
1616,부산광역시,070. 환경보호,073. 대기,21190097,2014
1617,부산광역시,070. 환경보호,074. 자연,4432261,2014
1618,부산광역시,070. 환경보호,075. 해양,0,2014
1619,부산광역시,070. 환경보호,076. 환경보호 일반,5797988,2014
1620,부산광역시,080. 사회복지,081. 기초생활보장,1131085020,2014
1621,부산광역시,080. 사회복지,082. 취약계층지원,454165118,2014
1622,부산광역시,080. 사회복지,"084. 보육, 가족 및 여성",465810582,2014
1623,부산광역시,080. 사회복지,085. 노인 및 청소년,666286312,2014
1624,부산광역시,080. 사회복지,086. 노동,39035853,2014
1625,부산광역시,080. 사회복지,087. 보훈,8410500,2014
1626,부산광역시,080. 사회복지,088. 주택,0,2014
1627,부산광역시,080. 사회복지,089. 사회복지일반,0,2014
1628,부산광역시,090. 보건,091. 보건의료,88318464,2014
1629,부산광역시,090. 보건,093. 식품의약안전,3918913,2014
1630,부산광역시,100. 농림해양수산,101. 농업 및 농촌,27586240,2014
1631,부산광역시,100. 농림해양수산,102. 임업 및 산촌,41985080,2014
1632,부산광역시,100. 농림해양수산,103. 해양수산 및 어촌,74521068,2014
1633,부산광역시,110. 산업 및 중소기업,111. 산업금융지원,0,2014
1634,부산광역시,110. 산업 및 중소기업,112. 산업기술지원,26817993,2014
1635,부산광역시,110. 산업 및 중소기업,113. 무역 및 투자유치,95684030,2014
1636,부산광역시,110. 산업 및 중소기업,114. 산업진흥 및 고도화,107929813,2014
1637,부산광역시,110. 산업 및 중소기업,115. 에너지 및 자원개발,34987566,2014
1638,부산광역시,110. 산업 및 중소기업,116. 산업 및 중소기업 일반,0,2014
1639,부산광역시,120. 수송 및 교통,121. 도로,517113500,2014
1640,부산광역시,120. 수송 및 교통,123. 도시철도,602563236,2014
1641,부산광역시,120. 수송 및 교통,124. 해운 및 항만,0,2014
1642,부산광역시,120. 수송 및 교통,125. 항공 및 공항,0,2014
1643,부산광역시,120. 수송 및 교통,"126. 대중교통, 물류 등 기타",443207302,2014
1644,부산광역시,140. 국토 및 지역개발,141. 수자원,45066342,2014
1645,부산광역시,140. 국토 및 지역개발,142. 지역 및 도시,295066531,2014
1646,부산광역시,140. 국토 및 지역개발,143. 산업단지,7482228,2014
1647,부산광역시,150. 과학기술,152. 과학기술연구지원,0,2014
1648,부산광역시,150. 과학기술,153. 과학기술일반,0,2014
1649,부산광역시,160. 예비비,161. 예비비,66383734,2014
1650,부산광역시,900. 기타,901. 기타,467051703,2014
1651,서울특별시,010. 일반공공행정,011. 입법 및 선거관리,19459925,2014
1652,서울특별시,010. 일반공공행정,013. 지방행정 및 재정지원,3200888421,2014
1653,서울특별시,010. 일반공공행정,014. 재정 및 금융,325180037,2014
1654,서울특별시,010. 일반공공행정,016. 일반행정,554098089,2014
1655,서울특별시,020. 공공질서 및 안전,023. 경찰,1171401,2014
1656,서울특별시,020. 공공질서 및 안전,025. 재난방재 및 민방위,148558190,2014
1657,서울특별시,050. 교육,051. 유아 및 초중등 교육,2571146075,2014
1658,서울특별시,050. 교육,052. 고등교육,42902083,2014
1659,서울특별시,050. 교육,053. 평생 및 직업교육,6516233,2014
1660,서울특별시,060. 문화 및 관광,061. 문화예술,197274929,2014
1661,서울특별시,060. 문화 및 관광,062. 관광,34125437,2014
1662,서울특별시,060. 문화 및 관광,063. 체육,181850604,2014
1663,서울특별시,060. 문화 및 관광,064. 문화재,84810813,2014
1664,서울특별시,060. 문화 및 관광,065. 문화 및 관광 일반,0,2014
1665,서울특별시,070. 환경보호,071. 상하수도 및 수질,1304073060,2014
1666,서울특별시,070. 환경보호,072. 폐기물,133152335,2014
1667,서울특별시,070. 환경보호,073. 대기,382691703,2014
1668,서울특별시,070. 환경보호,074. 자연,36366162,2014
1669,서울특별시,070. 환경보호,075. 해양,0,2014
1670,서울특별시,070. 환경보호,076. 환경보호 일반,86306073,2014
1671,서울특별시,080. 사회복지,081. 기초생활보장,0,2014
1672,서울특별시,080. 사회복지,082. 취약계층지원,2641721184,2014
1673,서울특별시,080. 사회복지,"084. 보육, 가족 및 여성",1831554942,2014
1674,서울특별시,080. 사회복지,085. 노인 및 청소년,1321149171,2014
1675,서울특별시,080. 사회복지,086. 노동,96987684,2014
1676,서울특별시,080. 사회복지,087. 보훈,0,2014
1677,서울특별시,080. 사회복지,088. 주택,1095306060,2014
1678,서울특별시,080. 사회복지,089. 사회복지일반,32768409,2014
1679,서울특별시,090. 보건,091. 보건의료,290777119,2014
1680,서울특별시,090. 보건,093. 식품의약안전,5972953,2014
1681,서울특별시,100. 농림해양수산,101. 농업 및 농촌,99324255,2014
1682,서울특별시,100. 농림해양수산,102. 임업 및 산촌,0,2014
1683,서울특별시,100. 농림해양수산,103. 해양수산 및 어촌,0,2014
1684,서울특별시,110. 산업 및 중소기업,111. 산업금융지원,0,2014
1685,서울특별시,110. 산업 및 중소기업,112. 산업기술지원,0,2014
1686,서울특별시,110. 산업 및 중소기업,113. 무역 및 투자유치,9903288,2014
1687,서울특별시,110. 산업 및 중소기업,114. 산업진흥 및 고도화,154738295,2014
1688,서울특별시,110. 산업 및 중소기업,115. 에너지 및 자원개발,0,2014
1689,서울특별시,110. 산업 및 중소기업,116. 산업 및 중소기업 일반,38958150,2014
1690,서울특별시,120. 수송 및 교통,121. 도로,884229827,2014
1691,서울특별시,120. 수송 및 교통,123. 도시철도,642127311,2014
1692,서울특별시,120. 수송 및 교통,124. 해운 및 항만,0,2014
1693,서울특별시,120. 수송 및 교통,125. 항공 및 공항,0,2014
1694,서울특별시,120. 수송 및 교통,"126. 대중교통, 물류 등 기타",2351586454,2014
1695,서울특별시,140. 국토 및 지역개발,141. 수자원,227419600,2014
1696,서울특별시,140. 국토 및 지역개발,142. 지역 및 도시,1807330820,2014
1697,서울특별시,140. 국토 및 지역개발,143. 산업단지,456614,2014
1698,서울특별시,150. 과학기술,152. 과학기술연구지원,0,2014
1699,서울특별시,150. 과학기술,153. 과학기술일반,0,2014
1700,서울특별시,160. 예비비,161. 예비비,153118076,2014
1701,서울특별시,900. 기타,901. 기타,1417329968,2014
